hibuddy_product_id,product_id,match_score,reason
0ab3eeadcdb5432f16f89452fbfbbd71,6638366197580,100.0,fuzzy_name_only
18f348231d519322ce0378b3bf2ebac7,9305049530676,100.0,fuzzy_name_only
a4935aee835d7cb2d146c5a6fb0d4ccc,9282595520820,100.0,fuzzy_name_only
06d55ab6d7f2bcb950a794a5546bf6f3,9289807659316,100.0,fuzzy_name_only
50f15e26ac454a3905138f8169fa18d0,9302191571252,100.0,fuzzy_name_only
64a784698aee1c36a8fd69c4fc0f6269,9289800417588,100.0,fuzzy_name_only
c39f2735587b7e923df4968c61e53681,6638386415436,100.0,fuzzy_name_only
26e782ec114c94a520ddcc90d451100f,9316200907060,100.0,fuzzy_name_only
9788a959ab59a8522296849702201075,9282595520820,100.0,fuzzy_name_only
568e69ab149da9fc7b9d9f21ce6003b8,9238759964980,100.0,fuzzy_name_only
f9a4c197cfc7bb4998ded0a94fd0329b,9260182536500,100.0,fuzzy_name_only
bd7c6ebf6ceddeba1acf97da0d6cd122,9146983055668,100.0,fuzzy_name_only
6586cdccc0977f38cb15c173c8b84c6b,6635164567372,100.0,fuzzy_name_only
80cbb13ea71b95e8859368db67153708,9316200972596,100.0,fuzzy_name_only
f12c378208ee0433f6a8049bd244ea45,9302199763252,100.0,fuzzy_name_only
f0c49fe25d6417b86179fc680549a361,9327762080052,100.0,fuzzy_name_only
9dbd95afefcb2e7095b5af3510572c7a,9316205756724,100.0,fuzzy_name_only
3eb9f41a426f7256b197c58ac32caee8,9316205756724,100.0,fuzzy_name_only
451c6f85d8f5a61a10148a797bac3ef6,9328546545972,100.0,fuzzy_name_only
d5a0972c2ebe8773e80f71260e35b748,9316196745524,100.0,fuzzy_name_only
23a6c75899af0fcd0e3c8a7900df334c,9316205756724,100.0,fuzzy_name_only
e2e9a32a69f5f047f6c5460106b272ce,9327759294772,92.3076923076923,fuzzy_name_only
23290d23bac0fc98430b95d0ca5df422,9327761064244,100.0,fuzzy_name_only
215dc4d817456bd082b3d11b84d5bd8d,9327765160244,100.0,fuzzy_name_only
9c8c87416e3be0ed51ba04400ac51b7e,9146983055668,100.0,fuzzy_name_only
bbe8e39eaba2588341dba21289ed96f8,9289812181300,90.9090909090909,fuzzy_name_only
3ff0ffdc97917e4685cd40322568d436,6638358529868,91.42857142857143,fuzzy_name_only
3dd8204c02e8eeb48e422c50ed5978d6,9283782148404,100.0,fuzzy_name_only
eab1c577e133e259553dca9997f75ad3,8853123105076,100.0,fuzzy_name_only
1cd50c19b77c749c5037ffab48d2efd7,9316209721652,100.0,fuzzy_name_only
b49ba06e2bb9e05a81c1a8d12b3aa04e,9316205756724,100.0,fuzzy_name_only
120abcf6aacbaf911fa3259d1f65b69a,9316210278708,100.0,fuzzy_name_only
578edb4a212ee9098849eca45efa52b2,9316207296820,100.0,fuzzy_name_only
686edede37cacd68c46cbc15f745fdbb,9316207329588,100.0,fuzzy_name_only
c83a66029ea79787ad89506570f095d0,9316209754420,100.0,fuzzy_name_only
cee2e86e982d8d1a5599f49d6fd396b8,9282595488052,100.0,fuzzy_name_only
a7033eed4b2d0796c65c9b7c50cf7243,9282595520820,100.0,fuzzy_name_only
8dd719a45bc2a0311bd77efa322f7cde,9318747046196,100.0,fuzzy_name_only
3e0771580a825fd96ce6f9f42772a355,6636632344396,100.0,fuzzy_name_only
c5570ac0b33ae5ce520e877e23d2df40,9302199861556,100.0,fuzzy_name_only
5c260d3b5bb24994d71929311b2c37e2,9316198056244,90.9090909090909,fuzzy_name_only
818001ed8c132716d26e830bd71f25b5,9316196942132,91.2280701754386,fuzzy_name_only
bfc1425de50a14b4695dfb68f24ec90f,9316207132980,90.19607843137254,fuzzy_name_only
8f86f170e214a77709923817cfbd875e,6636310890316,100.0,fuzzy_name_only
1849eac693202f2107f72d30e8cf3142,9289809035572,100.0,fuzzy_name_only
af57a25738d48c54fde0e61a6178a298,8853123105076,100.0,fuzzy_name_only
c1e9c6e8a285a5ae58825ffd2be49450,9088833782068,100.0,fuzzy_name_only
3845804311989a79ac21231080093589,9316196647220,100.0,fuzzy_name_only
ca20edc3ae802f75ae1bfe400417051f,9088833716532,100.0,fuzzy_name_only
e4a85920c464de0ed92e0aded27db4ae,9276004598068,100.0,fuzzy_name_only
2c8c6d712836b8dcbdda4868e1b38f78,9327763489076,100.0,fuzzy_name_only
ac6505abced64ff35960744a2fdd88ad,9289808347444,100.0,fuzzy_name_only
a437b805a6011c49adf918bc6e55523d,9289808380212,100.0,fuzzy_name_only
9c5af2a6c6527e53d6c061fdcd540b48,8853123105076,100.0,fuzzy_name_only
bd6f5797ad5e997d9fc94697d6b7948a,6638231193420,100.0,fuzzy_name_only
6452fa00eda1b573abe1fac0ef9e0069,6638311638860,100.0,fuzzy_name_only
3d3c635d0aa332f12e6a1137d58ce5cf,6636651349836,100.0,fuzzy_name_only
0b69ecd9edc8ba09fb4c173031d65cc1,9210551501108,100.0,fuzzy_name_only
f3f9013c3bb3c4a4530ba1f50ff60fa8,9327757361460,100.0,fuzzy_name_only
7611c705f14ae5f4b09b46d40320b3e9,9181681811764,100.0,fuzzy_name_only
a59208ff26dd10b6d4bb746ced70fdcc,9283782148404,100.0,fuzzy_name_only
ae1ca0b78e5256acc243bf716a7f1a15,9235742949684,100.0,fuzzy_name_only
f6ceccdaf33f6785dabc2f7130c4bba3,6636632344396,100.0,fuzzy_name_only
380d5879953b401198c78de0839bff72,9229414629684,100.0,fuzzy_name_only
0cadadabb88d12522550fddcd1bc91b2,6636492490572,100.0,fuzzy_name_only
7d86e3452a2a78dafbf78485ee05c265,9248308691252,100.0,fuzzy_name_only
9f279075cf50090ad19cdf1e751d1214,9146983055668,100.0,fuzzy_name_only
d6948b26c8172c3acf10e0c8a5eebc12,6638318520140,100.0,fuzzy_name_only
9a515ba20df01e8d5aba5c0c7910b151,9146985054516,100.0,fuzzy_name_only
03a838bc0c1f0849236bee50af60de59,9172020298036,100.0,fuzzy_name_only
b3e73f20e46b9997cc61f48563d18e75,9172017873204,100.0,fuzzy_name_only
d9a850ceebca39eed7dc52058bdb13ba,9192630124852,100.0,fuzzy_name_only
5ba192bdd9fefd868438298ac2dc27d2,9181680075060,100.0,fuzzy_name_only
3886020e00725f795138a2468ca06acd,9192630059316,100.0,fuzzy_name_only
4934306851578b10fae57189599ebf9a,9282595488052,100.0,fuzzy_name_only
582afe5e89b33a7dd7e03561a4ca18a2,9155047588148,100.0,fuzzy_name_only
0c80ebb396bf932b4b670067afa07d7d,6638344275788,100.0,fuzzy_name_only
28c0719f7423dba7775006a23b895cdd,6638311638860,100.0,fuzzy_name_only
0bb5376626ff237cd6d68d4aeea420c5,9327761424692,100.0,fuzzy_name_only
61884342e1b8bab96effb9b415de53fa,9316209754420,100.0,fuzzy_name_only
f68ca4fb27bbeaba630e9d508ab188db,9316209721652,100.0,fuzzy_name_only
daa06b4c0536e7bba96adc3b10248e6e,9252649533748,100.0,fuzzy_name_only
890825a75e139aea79579f3945adf41d,9248308691252,100.0,fuzzy_name_only
30035045ded6d10e48bf44621f45d69f,9316209754420,100.0,fuzzy_name_only
1076be83406240ef415de28c0399f79d,9282595520820,100.0,fuzzy_name_only
ca17c246641b4466bf9af61ac4ab5662,9316209754420,100.0,fuzzy_name_only
961981497d0fbd5e43359f498762751a,9274191249716,94.54545454545455,fuzzy_name_only
00e687ac76fd5f9b2ff49996f364bd22,9298540790068,100.0,fuzzy_name_only
b6a91bd1927b3b8b8ae7a06e8dca0c40,9316209754420,100.0,fuzzy_name_only
a61ab52d66da582392302f432f200cfa,9316209721652,100.0,fuzzy_name_only
daf441af38aeca769a7047cb85f62b2f,9088832635188,100.0,fuzzy_name_only
6617c0cf0407d1251f97ab04304f1e9d,9316209754420,100.0,fuzzy_name_only
9dd6f98cbca8661973e9fd1c73721538,9316209721652,100.0,fuzzy_name_only
a7d2ecfda6724a708d5431bb584bf2e6,9146983055668,100.0,fuzzy_name_only
922075acc66c31a548a4c016501cfc46,9327764341044,91.52542372881356,fuzzy_name_only
6fac8d6425dfd4c1736cb705d2a52126,9282595520820,100.0,fuzzy_name_only
df61341ee4501cf713c2a165bac0fa39,9210553205044,93.61702127659575,fuzzy_name_only
4c256e408bcc7d19158957d013b857df,9210550288692,92.3076923076923,fuzzy_name_only
7140f04ad49a57af1dce6abf3e099990,9302197469492,100.0,fuzzy_name_only
b3d5bd4f5d2201254b9b8cf52c53f6c0,9146985054516,100.0,fuzzy_name_only
a186a4482c6130f762525e1dc8467de0,9274202128692,100.0,fuzzy_name_only
84023bdc18c2647da86f80e257e77fb2,9181681058100,100.0,fuzzy_name_only
93fd3fed4f2aee5b586eaf8b34c31aef,9289800778036,100.0,fuzzy_name_only
5a5c3f41d42e9fb22a88e2610f6d00a7,9210547274036,100.0,fuzzy_name_only
3da8b4e28fad2d9d950dd88f5a3f0e17,9274192232756,100.0,fuzzy_name_only
747e314541f737f32ed6e85d74ec67f3,9327764111668,100.0,fuzzy_name_only
920c349df30c87d1fc4e1ccd9fda090f,9289808937268,100.0,fuzzy_name_only
dc2b583ab00082cc2a53746b30d6646f,9298540790068,100.0,fuzzy_name_only
825c80074c7126266b0186210480beed,9155052142900,100.0,fuzzy_name_only
01bba966794f1b5d5fc0db43f39d19b0,9155052142900,100.0,fuzzy_name_only
3c8fa943ca9e07df9344cea213d77304,9302198714676,100.0,fuzzy_name_only
bf6f5e08efba4cd5453d897072f93eb3,9229412729140,100.0,fuzzy_name_only
3e9823bea1f0df2048096fb7cbbd6036,9274201964852,100.0,fuzzy_name_only
55ec2989b346f7eccc62e0ea120ddac4,9327762014516,100.0,fuzzy_name_only
03b207df8fca6724836eaa7cb42f24d0,9327761588532,100.0,fuzzy_name_only
2d8af40e4cc523d96efc763e89d92435,9289806872884,100.0,fuzzy_name_only
f9d8274ab3e1acea91406fb48a684f40,9327764308276,100.0,fuzzy_name_only
ee441c5625186e8131c3203445fb7019,9327761457460,100.0,fuzzy_name_only
8e34536ae19e9c2ccd5cd7b306c12e34,9283781984564,100.0,fuzzy_name_only
a5d469ad76765daa4d0a8dcf59f6e0a6,9224642593076,100.0,fuzzy_name_only
f6a8ed475986a5ca54cbb553680c5683,9248295682356,92.06349206349206,fuzzy_name_only
5ab038b31546bf531d25f285902225a9,9327761883444,100.0,fuzzy_name_only
10305cbb4ace8fa324a1b59dc549ecc2,8853135556916,100.0,fuzzy_name_only
dc33437269ef837ee2358154ed88821b,9282606793012,100.0,fuzzy_name_only
deeafaf62733d17705ad5ff60b9e2c7b,9327761064244,100.0,fuzzy_name_only
136491b50b8545f601155628d0964abe,9288692269364,100.0,fuzzy_name_only
68632553f4d5109dd67dd34eaab78a06,9248302301492,100.0,fuzzy_name_only
f6d4b4372a8854318c45fe3e41b1c526,6635324114764,100.0,fuzzy_name_only
8fe2efeffd11047e7a74f92b66ce1b66,9213054517556,100.0,fuzzy_name_only
d47f7fb57d0523328aff428d9d94576a,9274203078964,100.0,fuzzy_name_only
1039297f65ecb0ff81aa13e3de37ea91,9282605449524,100.0,fuzzy_name_only
f7e645396935afd97730b28e78cd9de5,9282595520820,100.0,fuzzy_name_only
ada8791766b9ecbe55e41058e533948a,9327764111668,100.0,fuzzy_name_only
5b166337553e91ed75ee2654e86d2f8b,9274201538868,100.0,fuzzy_name_only
0bdcbecde1f6b7bdb2f334e205ce54af,9282602008884,100.0,fuzzy_name_only
53ecdc42808ef58e0fe23032803e14ca,9316209426740,100.0,fuzzy_name_only
9d50b0008ce9fb70c2bb88881101caae,6636632868684,100.0,fuzzy_name_only
7606ea25383694cb2e714a7ca30fd0eb,9282602795316,100.0,fuzzy_name_only
28b0557eb7aa090a47836fa8d2bc68ce,9328546513204,100.0,fuzzy_name_only
b0f05dbda79f4d23fd6cc82f426cf970,9316210377012,100.0,fuzzy_name_only
2d4ae7dc7a2af59024ee5079a766361f,9302188982580,100.0,fuzzy_name_only
35a562ddb92a6ac494e75942ce3f644b,9248305545524,94.91525423728814,fuzzy_name_only
b668c88318f15febdea63b59469b04b6,9289802088756,100.0,fuzzy_name_only
dbd89fab6140660885b2bff9d1f70a71,9316205756724,100.0,fuzzy_name_only
c70416ef91284152de944e090ba4ff66,9327764341044,100.0,fuzzy_name_only
69f8f2acb4e18a51ec54723ed3180150,9302196814132,100.0,fuzzy_name_only
a5087a65bd6bfff8bec860e657384026,9260183388468,100.0,fuzzy_name_only
fd5b7030dd1e21af9dde86cf228bbbe8,9172018626868,100.0,fuzzy_name_only
ebe22cde3ab0b36f59f76843def6c5cb,6638320846668,100.0,fuzzy_name_only
6555234fa5081205b229992873d8f810,9282595520820,100.0,fuzzy_name_only
0a68d67dfdbfc0104e9b479ce52e0c74,9172014629172,100.0,fuzzy_name_only
dbe00cafa9cdfd467bd912d351edef6a,9282602271028,100.0,fuzzy_name_only
b30fa1be1cbebed773913af1ec3897d8,9155047588148,100.0,fuzzy_name_only
bf2a1bdf1399e9e55d49f98acc23b6c7,6638285981516,100.0,fuzzy_name_only
9c96a0b103ac094fe40b22ca3deb4739,9248295780660,91.2280701754386,fuzzy_name_only
3d2386fd4c283cb090710a84b712b2f6,9327763128628,100.0,fuzzy_name_only
4d896e529bd2b0fe93e994ddffc14c06,9316209754420,100.0,fuzzy_name_only
d8c61e7f2f13bf884d5a6d2b53a9ef7e,9172012859700,100.0,fuzzy_name_only
9d7513b535373b4c2a4994dc537b4883,6635245832012,100.0,fuzzy_name_only
2de1648d38ef80dbc77b1b3f31656f80,9316207198516,100.0,fuzzy_name_only
c9445db01126b9afe5f7c413a95e16c0,5795458189132,100.0,fuzzy_name_only
f4531554b0df1173e6965411b0493b16,9199536406836,90.9090909090909,fuzzy_name_only
06e357877c2cffcc94c25892dbc46035,9316207165748,100.0,fuzzy_name_only
9301050af2baf0f16a6872d5ea5310f5,9327763652916,100.0,fuzzy_name_only
93011ed0fe095a129041d8ae3b3a3cfe,6638313867084,100.0,fuzzy_name_only
45faf6f534500374831c119c0dddebbf,9289811198260,91.30434782608695,fuzzy_name_only
a49a55cdf13ac65d8d11773766eafd71,9327765160244,100.0,fuzzy_name_only
0e3952d671d455617a539f9f6530b2cf,6635324114764,100.0,fuzzy_name_only
e0da10f429dd4d4a0341472d0bf4896f,9283782541620,100.0,fuzzy_name_only
281761a8c84d99bc496457c82507dba7,6634207446860,98.63013698630137,fuzzy_name_only
723d3ab514d3c344bacd7af0eb087a32,9327763063092,100.0,fuzzy_name_only
d87d68f72d92fcb3f1ed7a77d4dcd2d4,9260186894644,100.0,fuzzy_name_only
1af3c63fff94869bab5f047ef6a6ce9b,9135968649524,100.0,fuzzy_name_only
b047c3f4bf530b1d247a819d5c8f0c62,9327763161396,100.0,fuzzy_name_only
2d6b8e6dea3034a590c5c5d367844aef,6636632868684,100.0,fuzzy_name_only
3d0a3b9fd3386252be330a2343d8a6d9,9210544750900,100.0,fuzzy_name_only
8691f5a9966a7a839ab57e83d126df5e,9274201407796,100.0,fuzzy_name_only
4af9671b1f838508bcb5c43b87f38985,9224639217972,100.0,fuzzy_name_only
1d579efe7ceefde243cf21b5264cdbbf,9316209754420,100.0,fuzzy_name_only
0dc9847e2a1cf056aa523a1a23b41144,9327763456308,100.0,fuzzy_name_only
3384881833f4759cf51b2857fd5c2c10,9289807724852,100.0,fuzzy_name_only
a7d972bb8d6642ef877d3431c1606722,9316210934068,100.0,fuzzy_name_only
bf6a4832efef8b170ef3879b0a5aa133,9155053846836,100.0,fuzzy_name_only
a2d7064fbc1703659049035db5dfc77e,9316196745524,100.0,fuzzy_name_only
fdef4eb43bae68eccb229c55c53ab000,9238765273396,100.0,fuzzy_name_only
12b3cd5e92e269df0e95c80ecdf6e287,9316209754420,100.0,fuzzy_name_only
83ae8dae0513a0896bb056452f43a955,9238765306164,100.0,fuzzy_name_only
93d40d24165eb12ba3aa8bacb32bafb4,9316197368116,100.0,fuzzy_name_only
3c535340dd740258c17786d2399d8786,6637194774348,100.0,fuzzy_name_only
4d8f591857befbb1e9bc1d4dd5f5b93b,6636632344396,100.0,fuzzy_name_only
47adcbb58c00aa2b4f8839b1008a1209,9155047588148,100.0,fuzzy_name_only
78e1a06d0830eb3284d2492e328357de,9135976612148,100.0,fuzzy_name_only
cf7b1745f46dd59b8cd0b220c7e9f90e,9308662726964,100.0,fuzzy_name_only
d4144c355bc65b69d3d1b29f660c1e4c,9155046310196,100.0,fuzzy_name_only
736f3549eaec9a461ae2ceadfb83e745,9282595520820,100.0,fuzzy_name_only
b13e0f4358b918bbd4a57e40d9a9fdec,9327761654068,100.0,fuzzy_name_only
299c72d3ced0c521025d0406bc1018be,9261767164212,100.0,fuzzy_name_only
588711f2b3bf97cafdd194698bb555b3,9327764341044,100.0,fuzzy_name_only
c89dc9ed7fd0237f3a3fd659b82feac3,6636632147788,100.0,fuzzy_name_only
312ccaabd4a723af602b39bb49f7b014,9107413467444,100.0,fuzzy_name_only
0f8ea9d8d429758121c53c15f54c40d6,9199543419188,100.0,fuzzy_name_only
fe0e61c321d7f716ed771316a18ae842,9135970910516,100.0,fuzzy_name_only
89de27f5664050409fc6af08b8c0b729,9046570139956,100.0,fuzzy_name_only
9693821b579f64ee1b259a537dd2ba6c,9316197204276,100.0,fuzzy_name_only
1d71ddf48c23186eeb384d3f5e4d7bf3,9099686674740,100.0,fuzzy_name_only
bc65ce773cfb23d414b84798423e6f46,9261760086324,100.0,fuzzy_name_only
251ca0afb687308a0c48c3d3641ff5ee,9316193796404,100.0,fuzzy_name_only
8a9eef8a203beb7990c300379c8affff,9155047588148,100.0,fuzzy_name_only
c4a2467f8ca514948b34a676d7b1bce0,9330706514228,100.0,fuzzy_name_only
4b7f5e3dc77de253661870244e0bfdd4,9224635941172,100.0,fuzzy_name_only
36cdcda4646703351c8ef5aa034bd752,6634239559500,90.19607843137254,fuzzy_name_only
cc12b29e217c9a619c794233454d2ab7,9210548748596,100.0,fuzzy_name_only
e4da682d104982813c1d42bff9c711a7,9316209033524,91.80327868852459,fuzzy_name_only
46c4898f5ab7ba3c7f561fba06810d7d,6634177169228,100.0,fuzzy_name_only
3c7fb3ec10b7403d02ccec43f1262962,9135984181556,100.0,fuzzy_name_only
828b0c012e474c1ae2aef8cf74b8fe9a,8853123105076,100.0,fuzzy_name_only
79ba44961514f9bf30e084d61cddf3c5,9210551271732,100.0,fuzzy_name_only
bee51464a4783e982c2fd220ca5a793c,9289812050228,100.0,fuzzy_name_only
720aadeb0131d9b4ed25b48ee5b50a64,9327761785140,100.0,fuzzy_name_only
04f6a1eac67ae291f3f005d34ebbb9d9,5795458189132,100.0,fuzzy_name_only
574be5b2a5e2fec7febe148b406b9ce2,9172026425652,100.0,fuzzy_name_only
57888c78de38743d4d0307248ec82bc2,9260187320628,100.0,fuzzy_name_only
07cb1fabc26a2d44ad43b51612c67188,9282595488052,100.0,fuzzy_name_only
9b7a3c0a5c1b87d6cb1363d79695d886,9238761079092,100.0,fuzzy_name_only
64969238c97ab0fdf86012548fa75028,9320552661300,90.56603773584905,fuzzy_name_only
ac59331376fff9eb94b84f25c758673c,9058091729204,100.0,fuzzy_name_only
b364fc85bee8ccbbf9352e34e8a8e461,9327764472116,100.0,fuzzy_name_only
ee4b17671750c032f099ec7cf4459a11,9327116026164,100.0,fuzzy_name_only
5318942a46e4cd2935b66cb2eed7dea6,9316209721652,100.0,fuzzy_name_only
7dcf5cbe1c0b309d2d5c858ffcc13de5,6636634900300,100.0,fuzzy_name_only
ce04fc249686aff1faa440df862ab258,9302201008436,100.0,fuzzy_name_only
b94a7f23d9cacbecd69329c20f5ddc01,6634177169228,100.0,fuzzy_name_only
f657f5dc6a44be56655ea5f8a5dcf13c,9248301449524,100.0,fuzzy_name_only
0f8fda65eea9f97d6138b6e4774e6eb9,9155043819828,90.56603773584905,fuzzy_name_only
543033c55e512005ac06081316b312fc,9316206215476,100.0,fuzzy_name_only
06f92efac507c183169a716c0606d9d8,9316206477620,100.0,fuzzy_name_only
dde2208f9b9456e05520fe0480ad720b,9274192199988,100.0,fuzzy_name_only
337199be62f9e138a7122fa5202f8147,9210549502260,100.0,fuzzy_name_only
2190f42bdf1e5369e167084808088842,9134197080372,100.0,fuzzy_name_only
6917ea7d41b5398bfb12e69fe037cf4c,9282603188532,100.0,fuzzy_name_only
4910ef6574234774ecf3817b957e0f83,6638378256204,100.0,fuzzy_name_only
2f8c0c7039e931bbec55723d1c63ae7e,9302188491060,100.0,fuzzy_name_only
7a27622d4be256eef3f4b7453e1efea8,9172022296884,91.2280701754386,fuzzy_name_only
3f19199812e1e938c8911d995f1e09a6,9316195533108,100.0,fuzzy_name_only
d7022fb612b346a1e2e90d95a29ab433,6638227130188,100.0,fuzzy_name_only
e4888569d08bd7ce4c02aa03616b9b0f,9327764144436,100.0,fuzzy_name_only
f140f7f6785a6fab1a83ffaa4d12fdd2,9181680697652,100.0,fuzzy_name_only
f58fc571dc556823217baf78976626af,9293621428532,100.0,fuzzy_name_only
356a467e1d40aa7d129832e9ed13c68e,9210557825332,100.0,fuzzy_name_only
5586a2bfe31c7f35d285a695db2e99ae,9291626873140,100.0,fuzzy_name_only
442f22034185dadf3e6534cb7d04b2e3,9282595520820,100.0,fuzzy_name_only
85e804d2e14f8ced1c7f742336e80e58,9088834699572,100.0,fuzzy_name_only
d73cd4ae64eb1ac556cc1b919328465c,9316205756724,100.0,fuzzy_name_only
2c39c77743ee4a5b4444044318d71cd1,9302191964468,100.0,fuzzy_name_only
2d15fa75f71ff9c64695444ce3a47ee5,9282602402100,100.0,fuzzy_name_only
0e14cf714ad3fb6e82afda1fe0028b37,6636289230668,100.0,fuzzy_name_only
a08ce20606aac83e5cc6916c51e5ce26,9302188130612,100.0,fuzzy_name_only
1c766ecc9922f40d8a97102a63849e27,9210549764404,100.0,fuzzy_name_only
e71c05034e76a91d01011ad880022ed9,9282595160372,100.0,fuzzy_name_only
d0bcb2b4daf04b38f6bf54119f5ee0c1,8853122253108,100.0,fuzzy_name_only
1e977bc2ae18b355a01f6813a696e705,9316205756724,100.0,fuzzy_name_only
160e3bb31159fccd50b3051aa3c9d1f3,9327697985844,100.0,fuzzy_name_only
7c6862abb6cba6daeae3b260af5e07a8,9319994523956,100.0,fuzzy_name_only
4c3b0d6fe732e8fd216cdb2222d7ca75,9135966978356,95.5223880597015,fuzzy_name_only
e6f07df7c6dc0d1db4e4bd76b6d09acb,9224633188660,95.23809523809524,fuzzy_name_only
87f6850f0a1febdd3ceef7c822e6b535,9155053060404,100.0,fuzzy_name_only
5ad1f27e9a3b6bff5556a0c9dacea738,9229416268084,100.0,fuzzy_name_only
71ef2b9976e20953743d3c539be6808d,6638252492620,94.33962264150944,fuzzy_name_only
92ce8c5ecc9f413b3fdd29f7b9589ab7,9224639021364,94.91525423728814,fuzzy_name_only
228399746c9d1e6724eea40042ddf1ce,9316205756724,100.0,fuzzy_name_only
8147e7816c4f485dce2aae6dea73f909,9327763128628,100.0,fuzzy_name_only
af18e454c0442177f15b487a13b55633,9260183748916,100.0,fuzzy_name_only
25da384a2b0160c1bd9eeaba1867bd50,9155050537268,100.0,fuzzy_name_only
8832967b8f3419f29c880e4ca03b602b,9155055845684,91.89189189189189,fuzzy_name_only
03d0fe2e6eca69b1def78397ecc4efaa,9248304955700,92.0,fuzzy_name_only
0d2692c1e4d9689d9f012bdd186164c5,9302196879668,100.0,fuzzy_name_only
a97d2cfd8a4c5066d9836340826c6e59,9146983055668,100.0,fuzzy_name_only
2ccfb25a84580e0b420b0df22db7f159,9321412886836,100.0,fuzzy_name_only
d16dc3a265427e1766f3185254487531,9155047588148,100.0,fuzzy_name_only
d371ec27344ab516310644c061b59c40,9316196647220,100.0,fuzzy_name_only
a9d5fdc93e8f44ed64200454f5011d2d,9046565945652,100.0,fuzzy_name_only
d65ca2fc1a81b56b42a481b8658d785d,9274194067764,100.0,fuzzy_name_only
3d6ce3672e143f8bf1d9abf2872a03b5,9274200621364,100.0,fuzzy_name_only
541099368e8725e5ecf321ec89bec832,9319994523956,100.0,fuzzy_name_only
feb2b07ed778e6ceac6a14272b6ce36c,9282595520820,100.0,fuzzy_name_only
8e193703f6527d792ec6cf7323de90a1,8945221796148,100.0,fuzzy_name_only
32c44b6b3d7ebb02dca2ae918a7c72a1,6636632344396,100.0,fuzzy_name_only
6b14fb3a62e5330da038e8b8509ee04f,9316193829172,100.0,fuzzy_name_only
db7f3a56feda260e10071d6e8cd71d31,9323390861620,100.0,fuzzy_name_only
d3214824e0ce8ec58cceda9155876099,9181672997172,100.0,fuzzy_name_only
5f049a42397dc3e5af4fdf3893454cff,6638285981516,100.0,fuzzy_name_only
e7cdd310ccd0dc09285dca4aae3998c5,9316193763636,100.0,fuzzy_name_only
1b67951d6468bfc116cefe1d2dc47f66,6638331299660,100.0,fuzzy_name_only
1b6ea65dd1386c2a2b0cb3d02d54dd23,9316205756724,100.0,fuzzy_name_only
567e77b0088959f3884481e96ee1f051,6635192026956,100.0,fuzzy_name_only
1b007583b33666567259975616e60fb8,9291627036980,100.0,fuzzy_name_only
ce74354e902f011269c4805311c03a8b,6636632868684,100.0,fuzzy_name_only
16ee884708b5805ae85b65e983035b7a,9210539966772,100.0,fuzzy_name_only
4219789b79cc4c49969645d5c47ddd3d,9316205756724,100.0,fuzzy_name_only
c268c400a6d7c48796af96a211cdb214,9274193674548,90.47619047619048,fuzzy_name_only
aedc7d1ac8f09f87898f1e9c89b3fe71,9199540928820,91.2280701754386,fuzzy_name_only
a1efec7a40aab712c7867f4c8b80361f,9248295780660,91.2280701754386,fuzzy_name_only
4f0374f666a8e487185e96195958043b,9097290481972,100.0,fuzzy_name_only
478c69e11ce0183ee446448afbc7a53b,9135978873140,100.0,fuzzy_name_only
c6c38c5599580bd3f8dd0d02d489f198,9323390861620,100.0,fuzzy_name_only
1b0d317777f255a3b6c7f004273bbe32,9224635744564,91.2280701754386,fuzzy_name_only
00523b95de4782a32045428a5c6812cf,9316211687732,100.0,fuzzy_name_only
60c9750b937abac510fb8af21f29ecdc,9224641020212,91.80327868852459,fuzzy_name_only
ed2ca7c66186116657706d8457b96d85,9199543812404,90.9090909090909,fuzzy_name_only
50a7b548e7a010e1751a200ea63122e1,6635324114764,100.0,fuzzy_name_only
c86a0a9821ea11e1f6e7b801c963ecd4,9274192232756,92.85714285714286,fuzzy_name_only
b6c9007601025ade399c380e342e91f1,9181681680692,100.0,fuzzy_name_only
08bb18372dede6aac3bf07ed27e2da36,6638347290444,100.0,fuzzy_name_only
39d86c2537af3b8f7a7537c8f87c0cca,9298539708724,100.0,fuzzy_name_only
f2edccdcf79dba75357b5fb7435d9b65,9316205756724,100.0,fuzzy_name_only
69f5228225e595d1378713d015c49fa1,9316202578228,91.80327868852459,fuzzy_name_only
3b02a4c50893ec6de29278c1edd067ca,6636290475852,100.0,fuzzy_name_only
87752d78e3b384c057984c03487f9884,9331219366196,100.0,fuzzy_name_only
81d601378d13eb4c1115e34e728fd7f4,9316202316084,100.0,fuzzy_name_only
9a2032883cf7406fa7500d2575e131c3,9302195994932,100.0,fuzzy_name_only
48effde2b90358f69ef8bce3a3dd8a01,9302199927092,100.0,fuzzy_name_only
071e10f41942b78232ef0f4fa22c00d8,9229418496308,100.0,fuzzy_name_only
1cbf6349d8bce1da0acecf10863c7f3c,9282605646132,100.0,fuzzy_name_only
1421526bf8784c3450c4a5c1aed69dcd,9260190695732,100.0,fuzzy_name_only
82d5bac8574e66683e7b61b0bfc08822,9046587244852,100.0,fuzzy_name_only
780ff04ca29a6992c7d64845842d216e,9172018463028,100.0,fuzzy_name_only
5fd33e11a68134d8d45eac50f596ed5e,8908488245556,100.0,fuzzy_name_only
7d0a351a9818bcaaf8a628148131d20e,9282595520820,100.0,fuzzy_name_only
2f469e23d97edf47dc830df1b780714d,9316205756724,100.0,fuzzy_name_only
f4561529dad142179fb579f7843f2ca3,9238764486964,100.0,fuzzy_name_only
0e28519b8babe9c1f7f97b9e94428059,9282595520820,100.0,fuzzy_name_only
ab5657a7e44a9ca383ebf991b40fe084,9291627168052,100.0,fuzzy_name_only
03762a5164f5b97d318c359b49e4c1a5,9291627102516,100.0,fuzzy_name_only
5cb722c0a3ff58b8071f907e894d690e,6638353647436,100.0,fuzzy_name_only
5222ff76d7b1d8be146a08865fc29a4c,8853123105076,100.0,fuzzy_name_only
a58a56c09314ded32763ca383b526faf,9107413467444,100.0,fuzzy_name_only
079d5601a2bf7adbc5bcea36bf74e2cc,9155047588148,100.0,fuzzy_name_only
c045c44821e49fcb7fa8ab7fdf6e08ee,9316209754420,100.0,fuzzy_name_only
1b8397768c5234394a04dd345a33d485,9282600862004,100.0,fuzzy_name_only
80d3ab641fd29e9eb4f8db36ef748908,9282595488052,100.0,fuzzy_name_only
6309fd19b573ddfd5902dd4642020eea,9316205756724,100.0,fuzzy_name_only
dc482d7f0b8e8ee77d36127bc2f33513,9302196289844,100.0,fuzzy_name_only
bc570ffb1012b14eaa22971c3ddf46f9,6635324114764,100.0,fuzzy_name_only
86cf779951f5b82351d3d9595aaf6ae5,6638366197580,100.0,fuzzy_name_only
7f4f944281a759b429cd4467236065e7,9238763667764,95.23809523809524,fuzzy_name_only
f9d227f816f8676ca817b0e33261e45a,6636492359500,100.0,fuzzy_name_only
8b281328da63c29a8e3b9a15f246ce43,9046573121844,100.0,fuzzy_name_only
fc6638109b93952b528e82ba44aba4c2,9316209754420,100.0,fuzzy_name_only
61d90f65841fa11286cf2009172b536c,6636164646732,100.0,fuzzy_name_only
4a8609d9463e351c239d9a01e6324d91,6633913780044,100.0,fuzzy_name_only
e28536119bdcec9f30de04df407ca7f3,9302198386996,100.0,fuzzy_name_only
b5f9b3f3995193a980b6eb547bf5ffbe,9305049399604,100.0,fuzzy_name_only
7272e7cc7ea69063dc74f7f2ec30523d,9327764111668,100.0,fuzzy_name_only
8e08dcdc4dfd51bd5d89ed7d4a21d670,9316209721652,100.0,fuzzy_name_only
0a05662f039ac323c06d832314b9d62b,9316207264052,100.0,fuzzy_name_only
8fd02edde0bac1e6eb47c219ab141ffb,6638321993548,100.0,fuzzy_name_only
961e6ca84504bfdb830682f01154b468,6636635981644,100.0,fuzzy_name_only
4d91c0371edda0129c391376fdaabea2,9088834699572,100.0,fuzzy_name_only
0d8b5dbe35bc1fc6038f0a573da17cf8,9199537979700,100.0,fuzzy_name_only
a33f7aa143aa99a6f562f3facb654a2a,9088832635188,100.0,fuzzy_name_only
e1ddde65594667b3a309f2d9efdc4759,9260186632500,100.0,fuzzy_name_only
39e53fc63dd4e3c0bd611756e48c8a62,9316205756724,100.0,fuzzy_name_only
a2031508e625da9e7972c9477256d5c0,9181687546164,93.87755102040816,fuzzy_name_only
bc958aa7d582cfd66712c0dd60c3da4b,6638354499404,100.0,fuzzy_name_only
85d5c0c1e88be5f01d763a615cf5dad2,6638354171724,100.0,fuzzy_name_only
bfb3afc364b1ab8775850b640bb999d5,9282594472244,100.0,fuzzy_name_only
e37de7e5e92e43a30cd5341ca004d6c7,9327761457460,100.0,fuzzy_name_only
a65655859b4844b916dfd9146d0dfc18,9295730475316,100.0,fuzzy_name_only
f360b739c86e709d36d158c0944fcce6,9274201342260,100.0,fuzzy_name_only
7d890edf39607b64cb9e6bc4d2feb58f,8908488966452,100.0,fuzzy_name_only
9b261a93dac0cb296fd07d7b6f8a4637,9316205756724,100.0,fuzzy_name_only
3ce227d29c43d3ee1346497e11661e8f,9316207296820,100.0,fuzzy_name_only
4c9fc2af319ae22ff821625ae0453b4f,9316207329588,100.0,fuzzy_name_only
011bc1a32d72daea1973a39861d7a5b9,9328629711156,100.0,fuzzy_name_only
0feaa9f7ac9cb9c2c4ae88de293acad4,9316205756724,100.0,fuzzy_name_only
73cebea4654f4decefe4d03c8bb34a2e,9282597847348,100.0,fuzzy_name_only
4b1720541a81add65ca5e2a315aa59a0,9293621625140,100.0,fuzzy_name_only
873f340d93bfef6c30875504bd1814a1,9302198878516,100.0,fuzzy_name_only
fa79a771a04382ecbbab44bb7c057b4b,9282604892468,100.0,fuzzy_name_only
0129d25ea49ef364e92aabc699b4ae2b,9238758752564,93.54838709677419,fuzzy_name_only
aac334fc2a70f3b91dacfbd3e532b4bc,9302198812980,92.3076923076923,fuzzy_name_only
d221039655bc00d4f77a24fc37a856dd,9308662759732,100.0,fuzzy_name_only
826feaf82e9261ae95f72f697b7df934,9210550518068,100.0,fuzzy_name_only
67a843d1a3d93986b626d3d491e2882f,9327764472116,100.0,fuzzy_name_only
8e3e1d7444e0b937c81d4cb75e1dd02c,8853096825140,91.52542372881356,fuzzy_name_only
a4592a387ab92c313d43bb6b5f81d9f1,6631204030284,100.0,fuzzy_name_only
8d38fa00acde9bdc86f034a806f72316,9302195339572,100.0,fuzzy_name_only
7db4c422f31a369a62aaf4e4a72087c6,9046577348916,100.0,fuzzy_name_only
2690f5816df20f247bb20945604a8e7b,9289811296564,100.0,fuzzy_name_only
e8724c484f80ab12f857d2076963fa07,9199544729908,93.02325581395348,fuzzy_name_only
4cc6d29693966df64a5e1674b51e9796,9291627200820,100.0,fuzzy_name_only
a1845d2fce696c03e1bec5578190afc3,9199544762676,92.3076923076923,fuzzy_name_only
2d61237f4a0bc8fcb1083a3f0d9147ce,9274198196532,100.0,fuzzy_name_only
6824a2347362f5fa4da9b8b7f61413ea,6637195003724,100.0,fuzzy_name_only
af49bd677b948bd5f913b202f80f549c,9316204216628,100.0,fuzzy_name_only
46a36e3a28cac5c5d73bcb041216dc63,9316209721652,100.0,fuzzy_name_only
6c8eda10aac97981a77198927750627f,9327764472116,100.0,fuzzy_name_only
6ef859a6d0d527c6bb1968809936cb37,9327764799796,100.0,fuzzy_name_only
69851aac5e5155cdda7fe98d712d69d8,9316196385076,100.0,fuzzy_name_only
f6d0ba8e39cb257809ee5ab0965b8a76,9079216406836,100.0,fuzzy_name_only
fa14b3b28c429814f3cd89910cea5e88,9210548879668,100.0,fuzzy_name_only
a6095d729e558954bf087e17e4cae412,9316209721652,100.0,fuzzy_name_only
74c80d7c5d241523146aeeff3c8ed555,9298539348276,100.0,fuzzy_name_only
9740794cfc934abf70ee4ced2d3e181d,9302197141812,100.0,fuzzy_name_only
d4e4cd66276bb209718ad82c48a5d819,9210545471796,100.0,fuzzy_name_only
0a530c7c7a1f3b9dbb09ca1287f677a2,6633985771340,100.0,fuzzy_name_only
af4c551644fe96b89b743661702b980c,9172024459572,100.0,fuzzy_name_only
43ac1e5497bd117a0714614861213970,6635324114764,100.0,fuzzy_name_only
83c9587252bfdaccb9e82e373d2bbd69,9155043918132,91.52542372881356,fuzzy_name_only
b13706ad29ddeff5b414329144a3ccb3,9282595520820,100.0,fuzzy_name_only
2d0ca7f691d4065f17c3eb577b804aa5,6636632344396,100.0,fuzzy_name_only
75d5b07c5d495fd5ebe01024211fc184,6638313867084,100.0,fuzzy_name_only
4a98311df401e0c9fab019b94c271cb9,9316205756724,100.0,fuzzy_name_only
48aef979ae7bbaa58b5201db976057cf,8853133361460,100.0,fuzzy_name_only
fd3dc69d231767464cf1b3d69a76ef01,6636314167116,100.0,fuzzy_name_only
5eb6143ef7c53d751bae0dd83303daaf,9210545897780,100.0,fuzzy_name_only
a499c4ec4aa49a49d3389032c5b1d6b6,9282595356980,100.0,fuzzy_name_only
260c2d7eb1a8272250250bedd6574a09,9229412860212,100.0,fuzzy_name_only
4f05cd4aa7e6dfbc3bde280a85b59463,6636632344396,100.0,fuzzy_name_only
aabb9d3bbde09327cd543e66d4ab7aa1,9316209754420,100.0,fuzzy_name_only
df3a5d8caf7b09b497b0b84245edffbe,9135968649524,100.0,fuzzy_name_only
bbe53bf791ee383eaebe7d1e261a2e32,9210545504564,100.0,fuzzy_name_only
2c248f03cbe9bfdbb3eca7f9aaac3ff9,9327761555764,100.0,fuzzy_name_only
fa608481c284a169ec63b45abf73aa2e,6636632868684,100.0,fuzzy_name_only
9d78016a939afadd13282fa4bbb8e435,6635324114764,100.0,fuzzy_name_only
929658e5e020017fe742cdf17b3a0a61,9248303218996,100.0,fuzzy_name_only
74d35f43f3b5e7ddb028149e9e588868,9213052715316,100.0,fuzzy_name_only
59dc7f837fea94d239407e4750dffd41,9289807986996,100.0,fuzzy_name_only
a0e4ee96a665e9bf4c619e1da28b3cd8,9282603352372,100.0,fuzzy_name_only
612ecc73c54cb9ff8ad40aa805a9b554,9282601615668,100.0,fuzzy_name_only
17b03ea582eec847444614c8cbba1a64,9248303055156,91.66666666666667,fuzzy_name_only
0f2da0c1f33a8e302d04652a65d41962,9135968649524,100.0,fuzzy_name_only
82f58834318fd4eb3cde26c795b2267b,9316209754420,100.0,fuzzy_name_only
846a1f43b155aff857e072c5ef5b2010,9318747013428,100.0,fuzzy_name_only
698465620496233d525d658ef3b365be,6636632344396,100.0,fuzzy_name_only
9ef00a11d4fa8f0da42ea49aa1224c14,9302198944052,91.30434782608695,fuzzy_name_only
de9b16061159bcc6acf21cc674b89a5e,9327761424692,100.0,fuzzy_name_only
3faaa7988326a5b3e03718089bd680e1,6636632344396,100.0,fuzzy_name_only
54b9e4b95bfafc39309e7dc1a0dd33c8,9327761064244,100.0,fuzzy_name_only
ae762c408eab4e7b6e34770e97b2c536,9260177588532,100.0,fuzzy_name_only
0e0252345216fd1d5d600621c3424eb3,6638251902796,94.73684210526315,fuzzy_name_only
113388451838340daacff266aa5bdeb5,9274192560436,100.0,fuzzy_name_only
15723d5315aa1a06083dfa71c1b1b447,4719172486988,100.0,fuzzy_name_only
b37856e87888767c0dd88dc97c3b28e2,9289813262644,100.0,fuzzy_name_only
3760f7a1e98bc4e4a9a2d32950b6a6bc,9199545319732,100.0,fuzzy_name_only
8d9cb058396634f4b74db4d2fee99d94,9260176343348,100.0,fuzzy_name_only
f9fc97fe735c4047f28abdf4911d4b3d,9327764111668,100.0,fuzzy_name_only
9a3987b840afa310660e9cc8189038a4,9155047588148,100.0,fuzzy_name_only
c121ff1429fd9518ad7f82690d183405,9181680238900,100.0,fuzzy_name_only
a60e7a6871a82c276fbbdb9cbedbccf9,6638285981516,100.0,fuzzy_name_only
90a2ddba8deb0017519b017b06b14581,9316209754420,100.0,fuzzy_name_only
7c8e7c96ca17204ff18c5e359fd94adf,8853123105076,100.0,fuzzy_name_only
4ee6c2895fa7535167e7123c85d9fce0,6636632868684,100.0,fuzzy_name_only
a73d8045e086f83218c25a1d7a3baa5d,9217823506740,100.0,fuzzy_name_only
e17586bc8496f6c421c86f13508a7155,9282603057460,100.0,fuzzy_name_only
d138a8cd3126270239b291f34399c430,9289801498932,95.38461538461539,fuzzy_name_only
73aa27b219ec0fb0825ddbe7ca09390b,9302189572404,95.38461538461539,fuzzy_name_only
ad5429c08cc1908e446514fcc49c3d95,9181672046900,100.0,fuzzy_name_only
816f9fd7c14439127d017328e25cb4a0,9262033109300,100.0,fuzzy_name_only
8d210fc5be4780ba7d2ce6f52a9738f4,9282596634932,90.19607843137254,fuzzy_name_only
5dee22164c0604cc4b02e82df42ed2da,5795458189132,100.0,fuzzy_name_only
dfab5eb5952ec5eddd00482e7af3a296,9282595488052,100.0,fuzzy_name_only
be1dc0af15f4d8f7e3aa01b645636950,9046564602164,100.0,fuzzy_name_only
d055d7654348642858e1ba2a72fc8dad,6636632344396,100.0,fuzzy_name_only
17b4ac51bb826d089fbcf9903ccc7025,9305049497908,100.0,fuzzy_name_only
c8d3c3e046f45608fea3c3e4ba383734,8945221468468,100.0,fuzzy_name_only
7635b12ab0dee994452f9751f26effe4,9327764767028,100.0,fuzzy_name_only
ec61e10508e3770afab7b91bed1e0ffe,9283781886260,100.0,fuzzy_name_only
a5a1d53bce8d706e21004c0f02700946,9088832340276,100.0,fuzzy_name_only
0494b9044ad7bb63acd37b5de0aaadaf,9229412729140,100.0,fuzzy_name_only
90b48ea987216029ffbc5e72b0aa86ec,8853122253108,100.0,fuzzy_name_only
af1892cb57a1001900924e9c2f3e1889,9155047588148,100.0,fuzzy_name_only
4cda272aea1b8cf6c4e76c16a0586c6f,9274201112884,100.0,fuzzy_name_only
bb275a1378e917f88e97b2c418469cb0,9316209754420,100.0,fuzzy_name_only
dbd2b6838bc1366de5414f9760d5d2c0,9274201833780,100.0,fuzzy_name_only
88ffcd4ffb92f791967fe8b4af73eee5,9302197862708,100.0,fuzzy_name_only
00db4ff6c48b777dcd8b9cf3f0be2e56,8853123105076,100.0,fuzzy_name_only
aade909c1ec3903370564737b489745c,9088832635188,100.0,fuzzy_name_only
93f7dcba827b529b87c4f3e746e70d21,9302199894324,100.0,fuzzy_name_only
b3c3703472fa0f3d91a8c73bb45d3bef,9302198976820,90.9090909090909,fuzzy_name_only
8fc03f31c66e189a098761ea986b7689,6638334117708,100.0,fuzzy_name_only
e758a9fad00cc8784e3199d5e5351d6d,9171601522996,96.1038961038961,fuzzy_name_only
52f392061bd7cdfbfd77e2b5d257a863,6636632344396,100.0,fuzzy_name_only
bab888c6cf52b880568ee18de1213e2f,6637170886476,100.0,fuzzy_name_only
1af4d8940b8b190cbf01f47f7b75768c,9248299024692,92.53731343283582,fuzzy_name_only
f841772d3d2d8c118a1e204dceb13cce,9248299057460,92.06349206349206,fuzzy_name_only
511224777e21f004a8a80fda2bff8d57,9316211425588,100.0,fuzzy_name_only
0312aa44ea6143c7d49d3847e58d69f1,9327760212276,100.0,fuzzy_name_only
6a338233b3b34b51c21b80fdc39a03b4,6636308236108,100.0,fuzzy_name_only
8fe44067b6faba2f3c147b3b9537642c,9260176343348,93.75,fuzzy_name_only
ecd47d7de302bd55a619aa8886363025,9289806381364,93.10344827586206,fuzzy_name_only
bbb7601c1e2a15cffbad14fe9d6d6343,9289813033268,100.0,fuzzy_name_only
1bc5ffaa6edcf3276ce06efc323ea801,9282599911732,91.80327868852459,fuzzy_name_only
9aec4932ddd72c74006bb0c9ca1f8377,9316203495732,100.0,fuzzy_name_only
3c0a6df29107127dae7adb0b52d6d356,9210546913588,93.54838709677419,fuzzy_name_only
45ebc2b94b40213dabb253e41ab2cd68,9248295354676,92.06349206349206,fuzzy_name_only
f9435549bc3913b0c2ab3853473287a3,9274198229300,100.0,fuzzy_name_only
ec801040e5ba48081936f70766b95d12,9327763489076,100.0,fuzzy_name_only
39a7845426b411ce3bfd5e19c9eb31aa,9302190620980,100.0,fuzzy_name_only
dc6e4489d35a36d0eea3f056a339d4e3,8853129560372,100.0,fuzzy_name_only
e7b8235b876758d875bfbd5c350a57d8,9282601615668,100.0,fuzzy_name_only
7cd1bee3616e04cba2f04ca16aa47d88,6636632868684,100.0,fuzzy_name_only
7f9dd880a50ff5dda7673dd5f11c23fa,9302199959860,100.0,fuzzy_name_only
9b697542dc5659a361531e8465e3755b,6638313867084,100.0,fuzzy_name_only
fa70e8fed36a64ca31b135086cd38d83,6635324114764,100.0,fuzzy_name_only
346207e4aaa157dc0b7aad1e199e7094,6635324114764,100.0,fuzzy_name_only
38808a5969b04bc9b549bee5d694c63c,9316236853556,100.0,fuzzy_name_only
32e141dada7d736dce2f89eb7c8c3241,6636632868684,100.0,fuzzy_name_only
85a3eebfc4c8bd6a03510c9532dbd1ee,9282604630324,91.2280701754386,fuzzy_name_only
e1028e3b81bf2e1450f11cc51ad5a5b5,9316236853556,100.0,fuzzy_name_only
b959eded27519a5aafa2de58e8b9b533,9327762506036,100.0,fuzzy_name_only
d306584571cd4b7a267c7f2448d55a96,9135968649524,100.0,fuzzy_name_only
b7f7c2fa8be8b6aadf7460dd7e75c701,9135968649524,100.0,fuzzy_name_only
d82dad320188944045e49972be37a388,9316209721652,100.0,fuzzy_name_only
81a01e2670be1668a1fc72c1d1a04ff7,8945225367860,100.0,fuzzy_name_only
64ff6b63ffbc398e526cff7bbf396919,8853122416948,100.0,fuzzy_name_only
01802a47d1537a11bd486d48317b40ae,9274196754740,97.29729729729729,fuzzy_name_only
3167714c551f067efe751c423c93b3b9,9289804611892,100.0,fuzzy_name_only
bb5955d189f0bcc432001ea277cde574,9293621657908,100.0,fuzzy_name_only
8399283ca9d8bd60fe03b0a5fc7f3e17,9316201169204,100.0,fuzzy_name_only
0199bf309827b6663db0eac2869a545a,9181685678388,100.0,fuzzy_name_only
552f931ac2ec6126c22094ea8c6f99ab,9155050307892,100.0,fuzzy_name_only
22d7c3afcd7b147c083c37fbe6a9ae87,9316211327284,100.0,fuzzy_name_only
85355fe007670376101224562861a19c,9243768815924,100.0,fuzzy_name_only
12608a039ff77495dddb4da8cb641d16,9319667859764,100.0,fuzzy_name_only
76d580d96d35e9db025956d1f599d40a,9260174672180,100.0,fuzzy_name_only
08adcab45ac65227237efd73ed567e84,9302201008436,100.0,fuzzy_name_only
562a6831008d8cdd98bb5355ba7d2817,9289807757620,100.0,fuzzy_name_only
432fe4f3365d31012fa248ece5bbe829,9327761817908,100.0,fuzzy_name_only
3178ff3d7c22b29d8cda77c71e55bb61,9229418692916,100.0,fuzzy_name_only
c1125900830481db308349887ef8b7c6,9274202423604,100.0,fuzzy_name_only
ac811602a87a0bda6fa634eacc52b019,9316210704692,100.0,fuzzy_name_only
304a0a39537b36486baf5071f61a5f16,9282601615668,100.0,fuzzy_name_only
0a27553429484a6ccd6cae84815744f5,6535436535628,100.0,fuzzy_name_only
ef263e493f4fdeb33225ff79b09fceb3,6637186058060,100.0,fuzzy_name_only
ac927af66cb7503968e0ef4c5eed9729,9316209754420,100.0,fuzzy_name_only
16cbad67d9fedf211ae0c1abee2ba3c2,9181681778996,100.0,fuzzy_name_only
93519251bda1405a2128888d24f69d5c,9088824705332,100.0,fuzzy_name_only
54ec7badb0810feba0ab9007b9c844a8,8945219567924,100.0,fuzzy_name_only
53e098a142b2d501c36739b37489d3a4,9327765225780,100.0,fuzzy_name_only
8339955a0ae1a22d6f14ce345d3aa05f,9316211425588,100.0,fuzzy_name_only
4fe9050576c1a745903aca6dc758527d,9248301383988,100.0,fuzzy_name_only
d41b2989f81ba66eab7c50b5ac47aa3c,9316209721652,100.0,fuzzy_name_only
9bac61f427ebf860e2b4539b3afa8db9,9316209754420,100.0,fuzzy_name_only
673f9181e2300760a3709e2e5a973f28,9223288422708,100.0,fuzzy_name_only
76c080c44fdc3a3c27c5d847cade871a,9274198884660,100.0,fuzzy_name_only
deec3e1e912b7f4f7757a6fbe8c05155,9327761785140,100.0,fuzzy_name_only
b574faf75e68ef3b602dc24324ce894f,9316209754420,100.0,fuzzy_name_only
080c56861fe13744e406f27165c04cf2,9210553925940,100.0,fuzzy_name_only
7a7d1c961da598bab3c4e0209c8df1fc,8908488245556,100.0,fuzzy_name_only
bf686363379b3c46175854bc99f0c75d,9282603188532,100.0,fuzzy_name_only
8c8bd82487c8f5896409a1d204d92288,6636632868684,100.0,fuzzy_name_only
59fd4d83184414f0affa32b70742d1db,9282595520820,100.0,fuzzy_name_only
f9d314c24cfe2be8dd9c5178ca65ab71,6638313867084,100.0,fuzzy_name_only
d569d5e3f362cfafc484a04dad2a9c6c,9316205756724,100.0,fuzzy_name_only
d3f2852e904d0ceeb9efa5577088b92f,9229418692916,100.0,fuzzy_name_only
6595896b4b30c41a99225e675e90a45f,9088813531444,100.0,fuzzy_name_only
5917f023846412a875faadd36005239f,9316209721652,100.0,fuzzy_name_only
e06fa5061f10c31234dcd5932022db44,9316207067444,100.0,fuzzy_name_only
a8e780da0bd4909745cc9b73110b1672,9282606203188,100.0,fuzzy_name_only
fa4c1f24087da3845579b775819ba958,9327762538804,100.0,fuzzy_name_only
9e2de39d9bfa20c73ac44d09a1d9c7c0,9238767403316,100.0,fuzzy_name_only
6bd50be87bb5a6083b9281fa8330a421,9289805594932,100.0,fuzzy_name_only
92a80308ba367310d4b3edd5927e2b26,9046573121844,100.0,fuzzy_name_only
b2893a32b0b2e1eb9d5749192a79a56b,6638228703052,100.0,fuzzy_name_only
7f8c087339cb0ae52da2d5077491a730,9316209721652,100.0,fuzzy_name_only
c816a3df0672c2f32a5401da47034389,9327761064244,100.0,fuzzy_name_only
b62648128825ff1144c4eb50d6a3c190,6636635785036,100.0,fuzzy_name_only
07c4bdfde3a1d798e47d26c64a2a1962,9155047588148,100.0,fuzzy_name_only
647902d54f936f649f9eb825aa94eb4a,9233947427124,100.0,fuzzy_name_only
428b71c44176c0d13e035551146a0acd,9260177129780,94.91525423728814,fuzzy_name_only
def492d814530af0d93aa8d9e650b79d,9316236853556,100.0,fuzzy_name_only
8b52bad37a2438a3df2074840cae916a,9229419118900,100.0,fuzzy_name_only
ab81905007646bfed16f2eea5c0a03c7,9327761457460,100.0,fuzzy_name_only
3b7a6532a423272fe2bf42507d72f07e,9318746980660,100.0,fuzzy_name_only
fe72c7b8f87a8c539aca464a043a21f0,4719172486988,100.0,fuzzy_name_only
2927320698fd561204f172f5de9c55fe,9260179521844,100.0,fuzzy_name_only
5e8ce63f3583cd5f1df9c6f007ece40c,9135980577076,100.0,fuzzy_name_only
f353d9b14515714a6d9d27bde6755878,9291627135284,100.0,fuzzy_name_only
3b643867f1b875fe873dc706a271c56d,9155047588148,100.0,fuzzy_name_only
a03e01c5971e18e294e0744c68414336,8946647597364,100.0,fuzzy_name_only
7cbc86d95b7e9410a2ab94ddb3ea17df,9327764275508,100.0,fuzzy_name_only
76c10e4931f29641fec97f3f6ccb3d94,9135968649524,100.0,fuzzy_name_only
39af9d47627362c7112efb27d5f4a081,9248300990772,100.0,fuzzy_name_only
a1a3f9f0a1a55576cb8cdb15093fc83b,9107410616628,100.0,fuzzy_name_only
0f031ca39b92da1738b495ec9a5177cf,9274197180724,100.0,fuzzy_name_only
1ca52233ed41b95eaa08de898cc3d9e3,9282595520820,100.0,fuzzy_name_only
fb816348ecea3daa0dea388f20566c96,6636289230668,100.0,fuzzy_name_only
5b37472e8b9d01689b7d55ff8995dd18,6636880594764,100.0,fuzzy_name_only
61de49a6ac4799483dbb9aa61c9fbd6c,8945221927220,100.0,fuzzy_name_only
9a0d39dbb6462b7683e1b9a980284d7e,9172026130740,100.0,fuzzy_name_only
048312dff9ebd0a013e27e6dae6578c4,8945221894452,100.0,fuzzy_name_only
c43e46cd57d764d9861a6a432bde1bd2,9088833552692,100.0,fuzzy_name_only
b279b90209952ee611819ebf6d71cc64,6638317930316,100.0,fuzzy_name_only
24ad0658bbb3c02d1f44249b0fdddef5,6638228703052,100.0,fuzzy_name_only
5faf5d53286d391e5502f1c0e51f3c18,9316205756724,100.0,fuzzy_name_only
11eb171e5922592aef1890b09cffc310,9248297091380,100.0,fuzzy_name_only
952b1a87ce79df2d7aca4ba88dc1ba97,6638313867084,100.0,fuzzy_name_only
a0fba8a07515b0af32e0f1bbe74af1c6,9046573121844,100.0,fuzzy_name_only
3aee1121dcf453f800e21f3eaf878339,9316205756724,100.0,fuzzy_name_only
1ca286f2f482e7104f9b2dcc6a06c29a,9291923161396,100.0,fuzzy_name_only
1f02c378abc0c7973ee8e29e55a515fe,9075750371636,100.0,fuzzy_name_only
c4734d573af59a53bddcf7e3882bc3b0,9282595520820,100.0,fuzzy_name_only
8d4425bcaf1fab4a7e8169444a889a96,9316209721652,100.0,fuzzy_name_only
ae225465551ce205543c2574e97ecf0a,9282595488052,100.0,fuzzy_name_only
90600a47c3bd1ffad3c6d1078b3371fe,9261765722420,100.0,fuzzy_name_only
5162e08e4221c9efb770e6648eb4e470,6635324114764,100.0,fuzzy_name_only
2bd1e247af6ce9c7fa36fd4416b6dc25,9261765198132,100.0,fuzzy_name_only
dfc8b4850b6a5fd3f0695e19139d2cfb,9046591406388,100.0,fuzzy_name_only
ae2513df24c13502ae4d41fc652e4290,6638385530700,100.0,fuzzy_name_only
b260abd00704ffde57d70c3d54459ecc,9327763128628,100.0,fuzzy_name_only
84d09c613cb4f1a5b224d25a4e904ab3,9327697985844,100.0,fuzzy_name_only
44e48cae444e2461b0fcc8c0e8a57c21,6635150968652,100.0,fuzzy_name_only
362746f5022fb2f6d2472cdbd657c8c7,9282595520820,100.0,fuzzy_name_only
ab7c7c9fd4cfe9b1d17bb699edcd189c,9260186894644,100.0,fuzzy_name_only
33eccde2e702bd0fd113d33ac6371a7c,9088834699572,100.0,fuzzy_name_only
175cd5269fed6221fdb3f51d2ef493d3,6638318946124,100.0,fuzzy_name_only
fb563b0f8911fd5630c4f041c9fd383a,8908488245556,100.0,fuzzy_name_only
1140312f575a730165cc3bba06fd6b8e,6638338344780,100.0,fuzzy_name_only
dd186db043e669a9c9fb207e06863d12,9295730475316,100.0,fuzzy_name_only
a271550672ea1b75a160a4aee8b45abc,9316209721652,100.0,fuzzy_name_only
59c4c0d4675336a23d78e32e033ddde3,9282595520820,100.0,fuzzy_name_only
471b84f77cb9e527629b0574a3a30d55,6634213934924,100.0,fuzzy_name_only
0d5389602838c27416e48e2fa707a902,9327761424692,100.0,fuzzy_name_only
5f97578f615194538ec3e05dfd515d16,9155051618612,100.0,fuzzy_name_only
8b77455f1532fe6cdc7698de99abbd68,9319994523956,100.0,fuzzy_name_only
38d255c4255fc65aa6e1f1236e82daec,9088827097396,90.3225806451613,fuzzy_name_only
61ac4cb082ca3391e77ff9635a0b5c55,9293621297460,100.0,fuzzy_name_only
225665fb25bc2b06901db4a8d4147c13,9181681680692,100.0,fuzzy_name_only
34767ce307c52dcb912b03ba17454e1d,9282595488052,100.0,fuzzy_name_only
128d8f14372c440926132bc407d69550,9155050864948,100.0,fuzzy_name_only
d73ad5ca99025b3bdca31744cb19a11a,9199541616948,92.95774647887323,fuzzy_name_only
01f61085048f36dd3857829e2765e9de,9289812508980,100.0,fuzzy_name_only
a76c71c141ed293fb8645576ffc6b7ea,6638254262092,100.0,fuzzy_name_only
4594cb145fcc14dd55a87dd5a1728c21,9107400720692,100.0,fuzzy_name_only
d24c1e34154bd32cfa9c4093e09daec9,9260177588532,100.0,fuzzy_name_only
1214fb95ee90d8dae37b062ea6125bb5,9135976350004,100.0,fuzzy_name_only
95ff0e47a7b702ea5d67a2d5d6ff93aa,9046586229044,100.0,fuzzy_name_only
4f0c88287345245a176312bcda8b7543,9172021444916,100.0,fuzzy_name_only
809a6d3d673b48e38fb2b88eb4f429eb,9327697985844,100.0,fuzzy_name_only
20120ee6ce70a99d427b5175f57a2d31,5795458189132,100.0,fuzzy_name_only
4e02d056c5a599e93df0f3ff9feba973,6636164712268,100.0,fuzzy_name_only
7f5586e946b80cda9f91e9a6bafbff80,9155042607412,100.0,fuzzy_name_only
eb741d193b0daeea56e37ae5a7b396b8,6633985771340,100.0,fuzzy_name_only
c854e57a5dd6a843cd0bd1f0e96c90f0,9155052142900,100.0,fuzzy_name_only
478df3d5eeda3a0a8f1927c55674a22b,9327761817908,100.0,fuzzy_name_only
7449762876dc180805ede48f8261df0d,9327763554612,100.0,fuzzy_name_only
3b6cea016dc8ffd804085cea81923e5e,6636632868684,100.0,fuzzy_name_only
d3605db36765de57c905fb29a9655344,9088834699572,100.0,fuzzy_name_only
ff56679f2b2138e42780ad9c8c9837b3,9302188130612,100.0,fuzzy_name_only
3e4a75b322bd13b0753294ec96c4d02e,9327762342196,100.0,fuzzy_name_only
fcfd87082f4d231d20dd5c425c0b5cd7,9302190358836,100.0,fuzzy_name_only
fce222183dd99678714ba261dfc5779b,6636632868684,100.0,fuzzy_name_only
bd645c69cf118d8e3e06a749c5e13763,6636491966284,100.0,fuzzy_name_only
94f32be66a695ef55643805fd858c872,9088827588916,100.0,fuzzy_name_only
0fe45696fe1245d1763adb41af8ec3aa,9155041952052,100.0,fuzzy_name_only
f199b50cf7695fdb8e5cd8b6696db19c,9289803202868,100.0,fuzzy_name_only
6a427edef294cdf3d06a5d98f14d7878,9181673816372,100.0,fuzzy_name_only
e1ee3f9d66aee787836edc2bf2398bc5,9327763620148,100.0,fuzzy_name_only
088eaacfd7daf65f730a72f60475ff1e,9210539901236,100.0,fuzzy_name_only
2389223668091472e82a7cac4b27e6cf,9327761817908,100.0,fuzzy_name_only
7f3e42191b8cdec4d56b42ac0a8f18a2,6636632868684,100.0,fuzzy_name_only
267833595bfd2f6357827cb12da38071,9181674766644,100.0,fuzzy_name_only
54fffa43cb6b9d059c896b1a2fcd4d69,9097290514740,100.0,fuzzy_name_only
6f4b0b510bab6352a1834e612cf3689f,9319994589492,100.0,fuzzy_name_only
a3a4289fa7283c71285d2f19dfdb771a,9282597847348,100.0,fuzzy_name_only
02a10a4e9b7608ce83b042b041c6eb5c,9155053191476,100.0,fuzzy_name_only
09d3b8afd736fa623fdb4349bf8ec71b,6636632868684,100.0,fuzzy_name_only
eb40a06618749cb5abfe99cb44fb2b9a,6636632868684,100.0,fuzzy_name_only
c2bb8de317e4debdf9ec0385e14e42e1,6638373734220,100.0,fuzzy_name_only
f8f6922f6e5c3e13a3d100102889aec2,9046577348916,91.42857142857143,fuzzy_name_only
72d6debe7f9b381c49775047eaba8c48,9327761785140,100.0,fuzzy_name_only
b4905efb384f1d578680e6f0f2ae55dd,9274197705012,100.0,fuzzy_name_only
ba1302b978b0513f163dc8d897784007,9327763718452,100.0,fuzzy_name_only
83faea73b5e3d5bbd04725f18cb05718,9274197311796,100.0,fuzzy_name_only
323ca359439a637ef02cd705cb41221d,6638379140940,100.0,fuzzy_name_only
fa545e70b69d8ec37757c34afeaedac8,9327762014516,100.0,fuzzy_name_only
363702a2afe36f20514808b0c4acba86,9088828899636,100.0,fuzzy_name_only
d31b110961fa2b7f4ff99801a5c7c676,9302198485300,100.0,fuzzy_name_only
890e8ab7f8c258e7734ebb382f36c83d,9327761064244,100.0,fuzzy_name_only
330f5d954ea930471a830fc63f4aa8ae,9327764668724,100.0,fuzzy_name_only
a776fb703c20bfc1d889be06abb8476b,6638295385932,100.0,fuzzy_name_only
d97f7d73d37f82f51b20298fc0e3e264,6634179659596,100.0,fuzzy_name_only
a7c7196abf5f1f63d78983e5d5d4f4f1,9316209721652,100.0,fuzzy_name_only
145fc95e0b2b25ac5498c32ac10080e5,9238766027060,100.0,fuzzy_name_only
1c227c1f8ee9f5d01175a085107604b5,6635324114764,100.0,fuzzy_name_only
39646282f883649e46e77f0c7e8c7829,9319994523956,100.0,fuzzy_name_only
c220aec88f6b989e5fb1fa0716630eb2,9282601812276,100.0,fuzzy_name_only
00cb7f8d436b989f30e98f262f842438,9289806774580,100.0,fuzzy_name_only
183670579e0fc4d3f2fde643b1d51db2,9099686674740,100.0,fuzzy_name_only
925888a187bee85ee68df04f42efd603,9327761654068,100.0,fuzzy_name_only
f16d4a550f5f0cd5d21ecafbe2b3c340,9327761785140,100.0,fuzzy_name_only
1f144c3c1c74868f76b100ca69d493bf,6638360921932,100.0,fuzzy_name_only
f42ad7f928fc97c434a8f599eca6a6df,9316209754420,100.0,fuzzy_name_only
6aad1bec89aff5811c5afbec87d56a09,9327763489076,100.0,fuzzy_name_only
5d8afb9eb6ebf2da5926674cc08547f2,9274201506100,100.0,fuzzy_name_only
b113d5fca58b9e65b95ccf7dee2735f1,9155047588148,100.0,fuzzy_name_only
719e01b6dcaa7c75b267bfff6fe1a49d,9199535194420,91.30434782608695,fuzzy_name_only
2513ff7faa1bd7dc7c7b90532b1578cb,9316209754420,100.0,fuzzy_name_only
c7a6442790e1a940fe7ac6b66e84bde8,6635324114764,100.0,fuzzy_name_only
d057cc2cfe84b201e9fcf55d864a1b36,9283782476084,100.0,fuzzy_name_only
b6a4d7beb2bcafee0c2cb85c32895927,6535436535628,100.0,fuzzy_name_only
81339b7fe03c16469aff85a0f912a5d7,9046573121844,100.0,fuzzy_name_only
54201c49b9965b184a780b8cfd4aac4b,9327763423540,90.3225806451613,fuzzy_name_only
5405e8d82894adc9e450692bfbc19035,9261768474932,100.0,fuzzy_name_only
73ebb91f8c8eada1461c99e790f9dd8e,9282606104884,100.0,fuzzy_name_only
80a4154cfc73957343af56c92e3f1946,9289800450356,100.0,fuzzy_name_only
511151f56be44bfc67c95a6cd150a318,6635324114764,100.0,fuzzy_name_only
c171b9991c57e1d35e8705903a3c0e36,9238763274548,100.0,fuzzy_name_only
cff3f04d9057d63ab143614d3a50a967,6638385530700,100.0,fuzzy_name_only
b245e77a3875f07006d23b35e55e4910,9107409600820,100.0,fuzzy_name_only
06c6c34266b5709316a0cbb8ee23d0c4,9088834699572,100.0,fuzzy_name_only
f9952f60036f5e440867f4a3ca17b531,9289811034420,100.0,fuzzy_name_only
3ce3aba501d8c1ab52c5af1800fc5d19,9282606137652,100.0,fuzzy_name_only
9d51df5e7c400730c86a93e4388c94e2,5795458189132,100.0,fuzzy_name_only
18054d12b52710950f508946fd99196b,5795458189132,100.0,fuzzy_name_only
67b5774240d4c5138615e201ba27c4f7,9316195893556,100.0,fuzzy_name_only
ee6a9e35dee30df2d42d1371e5381e97,9316195828020,100.0,fuzzy_name_only
2357c99ab71ff5f1685c0b4ffd3ca448,9155045097780,100.0,fuzzy_name_only
684a2285440595f866b77b478a0d50ce,9333734015284,100.0,fuzzy_name_only
0e35e5d213eaf5fb4ccf6f11bd8af07c,9172020298036,100.0,fuzzy_name_only
9152fd4259650f31de0cfd61aecaac29,6535436535628,100.0,fuzzy_name_only
38bc860101cf8cb7794fe987ea61d43f,8945209475380,100.0,fuzzy_name_only
8f9d1a4626f5ddcdf8f9ef2639b10ad6,9260182274356,100.0,fuzzy_name_only
0d060b2fc88b0ddaeceb07301acc67b1,9302199894324,100.0,fuzzy_name_only
d754f7cb51cb1ed120de4a5c69c9441f,6636632344396,100.0,fuzzy_name_only
f6a0fdc741ca566de6c50081efab8259,9088834699572,100.0,fuzzy_name_only
7d4ee54d0c0c5959d9c725b6488cd708,9088639893812,100.0,fuzzy_name_only
7d3ee08ee0cfc142e211c560fcac25cb,9261761921332,100.0,fuzzy_name_only
c6cd0cdbc6f327c0293d8ee144b4d466,9210542522676,100.0,fuzzy_name_only
4152f9216d46247ad6ca9de790125f07,9302197305652,100.0,fuzzy_name_only
8446839beabde11fca23d044b47f7c71,9260189319476,100.0,fuzzy_name_only
838093527cd3025f385743f57bcec52c,9172025835828,100.0,fuzzy_name_only
32c2834c99e66e50b273d8c0e501664a,9260175884596,100.0,fuzzy_name_only
aa97a8f448d0cb2ee5c8432e4e81bf9e,9316205756724,100.0,fuzzy_name_only
f0c5b2e909367f35182384e7e220e4c7,9316205756724,100.0,fuzzy_name_only
e94fd95af3263cf981e73a7c5cdf5ae7,9316205756724,100.0,fuzzy_name_only
25bf9e7942b49d24f31bb6faf572f244,9088834699572,100.0,fuzzy_name_only
6782257a15c0a073661b4ffe26383b49,9155041886516,100.0,fuzzy_name_only
63c6a16ba1e9b6ec787dfeb4c9960c21,9316209754420,100.0,fuzzy_name_only
ca8dfaa5b7d467c3297872631b9da9c0,8807678148916,100.0,fuzzy_name_only
9fb79808344345be7c61f1964bfbc142,8853126316340,100.0,fuzzy_name_only
6f00e9ae416ef364f23bc941b3314265,9248305381684,100.0,fuzzy_name_only
30174e02495273ce150bb5b759b1b8e2,9310908219700,100.0,fuzzy_name_only
f130f45e5e8c687542e22a16a78ee43f,9248308265268,100.0,fuzzy_name_only
03b6afe9ad25c4bcd5fdb80c34c88322,9248302170420,100.0,fuzzy_name_only
6bc0e2ec58c01856fe02d5acc804cf71,9316209754420,100.0,fuzzy_name_only
f4062a4bdc949599ae6ea03046ba3c9f,9298542592308,91.80327868852459,fuzzy_name_only
7cf96d5652f8a057c17a2a77702f6c31,9210549043508,100.0,fuzzy_name_only
a9f82be6ea8cde6989c2812f77458bce,9210547994932,100.0,fuzzy_name_only
452ab52d5b83402b53e006decf1c2f5b,9316209721652,100.0,fuzzy_name_only
03c14f76a067c514e6da8689f5a8f410,6635324114764,100.0,fuzzy_name_only
ae843a140ea9951c6d4b40692a00b4d7,6636502157132,100.0,fuzzy_name_only
c194a407421d22d7d153e37131ff042c,9155048407348,100.0,fuzzy_name_only
5c96e64d3bb612c138bbd21e85ed934e,9316203430196,100.0,fuzzy_name_only
5cc1094906bfdf04b7e3d018addf7b7a,9316211327284,100.0,fuzzy_name_only
93e3cbc363e7af3b30ecabe2c6f6ff19,9298543345972,100.0,fuzzy_name_only
e85861c2e1e7b69319ba3ce5abd677c4,9155047588148,100.0,fuzzy_name_only
e104c653e764556ea54deb43bfd2e0a3,9282595520820,100.0,fuzzy_name_only
12506625283d3ede4e1e457221069cf2,9282595520820,100.0,fuzzy_name_only
39a58cedd112705c1c66e3be53ca230b,9192630059316,100.0,fuzzy_name_only
d86f58ddb1512807cd865cdca5e680ea,6638236567372,100.0,fuzzy_name_only
596ba83d89f6724989f2735da6e21a0d,9316209525044,100.0,fuzzy_name_only
201b6cadbb20956bac2072f5a4a41fd8,9135968649524,100.0,fuzzy_name_only
85118d5301c77eb7e2c5c4fda52665fc,9155052339508,100.0,fuzzy_name_only
cb1ee61d6ef73cde1f6748f4e6f8382a,9199542370612,100.0,fuzzy_name_only
c2430dbe859b9092cbdfe1914f28a006,6638280083276,100.0,fuzzy_name_only
6d3be1b4bbd1f5397b82c6b908e34a10,9248307216692,100.0,fuzzy_name_only
e426cc0c18a8e3ee99329ed3347d193b,9224635679028,91.52542372881356,fuzzy_name_only
1018665bb53580ebc37cad69b0e5fa9b,9282595520820,100.0,fuzzy_name_only
735fc1abd94233320bba2d037d842c93,9135968649524,100.0,fuzzy_name_only
a53e5b3768a2b50242b83f56f68b47f0,9007949906228,100.0,fuzzy_name_only
b9dbe3d781b60947cf447f7859d7660c,9327762768180,100.0,fuzzy_name_only
c233ca57c0858f11be422084a079b5bb,9224640201012,91.52542372881356,fuzzy_name_only
5dd6968a7790987dda2f3be890219a97,9282604892468,100.0,fuzzy_name_only
e6fa2a9cfd1e95e9716c2bd75da0a9c1,9316209754420,100.0,fuzzy_name_only
8636045c9c8ecd1a23b8eb7d05957f9b,9289805496628,92.53731343283582,fuzzy_name_only
c1e063a2c84385e6223e8b03ff0b5f6b,9229420069172,100.0,fuzzy_name_only
136826d4bb9dd3495142dab85392b1a9,9298540790068,100.0,fuzzy_name_only
3c2287f6137e63a3b2d0bf41ff6db499,9330103025972,100.0,fuzzy_name_only
e402fe9dc76a179ce21858554c3c303c,9316209721652,100.0,fuzzy_name_only
e410dd354eab037d7ae45ac94eb98a1f,9282595520820,100.0,fuzzy_name_only
dfc6eaa9b7e90d9d311acfee2e4fb8df,6633980495692,100.0,fuzzy_name_only
fd83af842e1dad0e7e47c18032ef4372,9289811755316,100.0,fuzzy_name_only
526bcb4ab06ee2d9a1922541ed48dbb9,9282595520820,100.0,fuzzy_name_only
bdfc334efef2cd5214f2bbfc0fc26365,9327764177204,100.0,fuzzy_name_only
8b11677e7bf363d2735e6ffef232487e,4719172486988,100.0,fuzzy_name_only
e6b377c2abf35b3f7625f6216ae80489,9229419577652,91.30434782608695,fuzzy_name_only
1cbbb77e7c627f949447ca7dc873682b,9260185911604,90.56603773584905,fuzzy_name_only
a1ff8345bd3da6fb1540adc7e4070acc,6636164646732,100.0,fuzzy_name_only
e65a8511e761cfc43f77bd0244164314,9327761424692,100.0,fuzzy_name_only
33ca58b9502ad7e67a3b6c0678a6d39e,9135968649524,100.0,fuzzy_name_only
ab5d265943790394e4de47e4d198235e,9331219497268,100.0,fuzzy_name_only
a66041d90b5f54bac14637fa219ef097,9327764111668,100.0,fuzzy_name_only
dd196c5ea379b408e60740f2e8145e13,9248307314996,100.0,fuzzy_name_only
901483140e761e27f064a26db059eaf9,9316209754420,100.0,fuzzy_name_only
cd1c04c73bd67de1022fd386924111aa,9274202423604,100.0,fuzzy_name_only
ba5638fe0d23419faeb6fae058018a0b,9155042246964,100.0,fuzzy_name_only
23abe0f84afab937fe02e0582602fec1,9282595520820,100.0,fuzzy_name_only
0842c62faa9e4891c4c1da6476a5c935,9248293323060,100.0,fuzzy_name_only
101e81c83533f390d8dbe56ca4001eb2,9316205756724,100.0,fuzzy_name_only
55e23843c93d03fd9292159caae70de2,9316207329588,100.0,fuzzy_name_only
fe10b41d7ec6a4448372df10aaa6bff9,9316211425588,100.0,fuzzy_name_only
7abe9822929c2e2e31f08a14025ac384,9172021444916,100.0,fuzzy_name_only
5e5f3734c8a4e0d31eb4ac4e01aec840,9135985197364,100.0,fuzzy_name_only
18ca0ca53e589fbf57bdc2f4fa8a975c,9316205756724,100.0,fuzzy_name_only
a9ac31fac341af500434bf23cf0f0119,6638229555020,100.0,fuzzy_name_only
2d38974b5cda42b9d1294c3635ee1fc7,9316209721652,100.0,fuzzy_name_only
d87b6111db81675db7e618a18a03d742,9260182765876,100.0,fuzzy_name_only
7563169c098c53216b1242a3e52346c9,9229412729140,100.0,fuzzy_name_only
0cf54665fc4b07f9bc159b6207ce1fb0,9327761588532,100.0,fuzzy_name_only
6729caecd4d06d1fd9782f037e203a84,9243766358324,100.0,fuzzy_name_only
ad3e81c1707873cd4a3aa2dbea65c63e,6636632868684,100.0,fuzzy_name_only
2784e7423fbb5d1abf0d3d02e7256e2b,9238759113012,100.0,fuzzy_name_only
cb4b3b082f72ef1d47744fbe3773a78e,9282595488052,100.0,fuzzy_name_only
a6206190e8af38eb6e554fa77fc1ceef,9261767917876,100.0,fuzzy_name_only
141a82772522c07db5a5a4b44662523a,9181689610548,100.0,fuzzy_name_only
a719a367edd2c08fa5645ac316886521,9135982674228,90.9090909090909,fuzzy_name_only
66cbdee6706fdf7d6cf4db6031205c55,9327764013364,100.0,fuzzy_name_only
61867e3c1ea511a67aad071f976badbb,9323194188084,100.0,fuzzy_name_only
17de8499953084f65076e2d40f7edeaa,9282595422516,100.0,fuzzy_name_only
f9f3bd81df3fc5c3a4fbc45fb1c29c62,6636632868684,100.0,fuzzy_name_only
b3851d420dfc0ff90ad11c0cd3c52531,9088834699572,100.0,fuzzy_name_only
67a49bb9ee7e50616a3329637ac71c64,9229054935348,100.0,fuzzy_name_only
d113766dbf02f5881d66cbf2a8d4c43e,9327758213428,100.0,fuzzy_name_only
33809b5bf9be1eeaa563aa4f1f7f519f,6636632868684,100.0,fuzzy_name_only
46773c84f1037b9ccc6523d746471dfd,6636635916108,100.0,fuzzy_name_only
0101cb4a28b4f28e57b0ede25f494a14,6638311638860,100.0,fuzzy_name_only
90b9a25222279309061fab19801ae166,9261761921332,100.0,fuzzy_name_only
c7c775e48c1c122be636247f6f81e85f,6636632868684,100.0,fuzzy_name_only
d9bd9f8a5a5b5f4e65453ef6cf7d2549,9327758213428,100.0,fuzzy_name_only
ee526dc7617277a24d1d12f3777b4c07,9172021117236,100.0,fuzzy_name_only
84316f5b9b0ffb86d19093d4f45f7144,9155047588148,100.0,fuzzy_name_only
a2969387c10f2cf452d9e0820af43655,9261765198132,100.0,fuzzy_name_only
f3dd83b8225a867aca41547e35491746,9316209754420,100.0,fuzzy_name_only
56115fbe348080c4d8f5cb46330246cf,9327763587380,100.0,fuzzy_name_only
a04213156f7392f8e49499b02a5f70f2,9295730475316,100.0,fuzzy_name_only
e7aa41e5daa35cc966efc08c7a8ce6c5,6638351222604,100.0,fuzzy_name_only
6b3287c98a59a53c7bfceb1fbc253ac3,9302196420916,93.61702127659575,fuzzy_name_only
4c6a2bdfea816d2d545e473e84d582e3,9327764013364,90.9090909090909,fuzzy_name_only
8d90474ac770867280d3bdcc31e41a46,9282601582900,100.0,fuzzy_name_only
355e376de6948c728d64fda76cb40ad5,9229416202548,100.0,fuzzy_name_only
9ee9fe0c23878a4bfbe728bf69d60666,9210537902388,100.0,fuzzy_name_only
5a2527650a3daa2e3afeac08683a6f86,9316206510388,100.0,fuzzy_name_only
052717416201269c0fbde10ead261998,9135983952180,100.0,fuzzy_name_only
119894db87765960e6a479213c86bde5,6638352631628,100.0,fuzzy_name_only
0e4018c25216a67d4afc872210275a80,9260186272052,91.52542372881356,fuzzy_name_only
2a15ffe63f3999768cce1b294c835883,6636632868684,100.0,fuzzy_name_only
13d104271262f7a1ed1855c42aa3e1c1,6636632344396,100.0,fuzzy_name_only
3aa0b86efafd03232e9d80a0badecf65,9295730475316,100.0,fuzzy_name_only
cf7cd5ca6f040e21175b42929e7eaece,9238763274548,100.0,fuzzy_name_only
e5bcec5d6273fb84539fa0a3f2fededf,9302195175732,100.0,fuzzy_name_only
367d068c8f9c97eba535a0514a708c97,9155052142900,100.0,fuzzy_name_only
cf45f63c8a0f1b55b1c7b1b6b635990e,9327763194164,100.0,fuzzy_name_only
a1d6b90ed6380840e2305287e033d994,9282598371636,90.0,fuzzy_name_only
4bcd454673051274fcad834952362f04,9181681058100,100.0,fuzzy_name_only
bf2382bae3304be52b47011e6d9bf0e2,8945224614196,100.0,fuzzy_name_only
0f85bd724f7accaad810ee4a9326f09c,9046563979572,100.0,fuzzy_name_only
3e35686b38fa4effeda2b73def977fba,9289805988148,100.0,fuzzy_name_only
af8a65bcce2be864e53db82ca51a77e7,9318747013428,100.0,fuzzy_name_only
1452adc5aafd379f954d07af738cb805,9181680238900,100.0,fuzzy_name_only
4a90c815a0aa2c206bd03ec1b88fe97b,9261764870452,100.0,fuzzy_name_only
a7304661e63903d7cf255a517ce301ec,9282606334260,100.0,fuzzy_name_only
d8d5fcb29e35fa6e2d877430a33e5e92,9046574891316,90.0,fuzzy_name_only
6cec10c818fea8e5425eab8f6e7c8e04,9088831881524,100.0,fuzzy_name_only
d0088ed116981d726dad048ac1083f25,9260187517236,100.0,fuzzy_name_only
b542dda1bfd28e3e258e66166638729c,6636635916108,100.0,fuzzy_name_only
ae641994e65e1a073e5d00a10790c95e,9289800843572,100.0,fuzzy_name_only
f70095a6b3ec6b35c9375b30d525e06f,9327763194164,100.0,fuzzy_name_only
af3a1217a02841e4db91dfee0b99f5fc,9181683974452,100.0,fuzzy_name_only
d72972a8ba69f143d30e267451d86880,9088825426228,100.0,fuzzy_name_only
8b54e6654495f0733a546e86ebcb3a7d,9327761752372,100.0,fuzzy_name_only
d867ee94139ad6614f498f7cc4491adb,9289805529396,92.85714285714286,fuzzy_name_only
c739f24346ecf6a3d2421f77783fd8c1,9316207329588,100.0,fuzzy_name_only
d3fd529fb5849fa58c65b1c6390943f6,9316207296820,100.0,fuzzy_name_only
c0e02fdf02ef673f636abee51392cc1b,6636636735308,100.0,fuzzy_name_only
b05d4472f5542fed2d9fdab88a43ace9,9316205756724,100.0,fuzzy_name_only
ce3020a5d9fff4b33bef5514545bbd53,9302198386996,100.0,fuzzy_name_only
29deac3d6fe784a76de380a8ab614c1d,9316195795252,100.0,fuzzy_name_only
056c62843b196105fdc3c9c10abb9b16,9248300794164,100.0,fuzzy_name_only
2013a591daf20c41d769728feb129b62,6636857493324,100.0,fuzzy_name_only
5497683ab97ee63cd8637e3f591fd3e0,9316205691188,100.0,fuzzy_name_only
61662e4710634440d622dedb4c199ff2,8945219567924,100.0,fuzzy_name_only
f7f30584be82ec4ab7ad3052ac34dad6,8853133295924,100.0,fuzzy_name_only
278531a68517905395bf2e1b5cb537a0,9172023083316,100.0,fuzzy_name_only
1394d408d12047794b9c912ff2c2f0c8,9088834699572,100.0,fuzzy_name_only
43b15a658c85bb53cc94200a34666c66,9248305643828,100.0,fuzzy_name_only
0275d84c3eda502b6323252bacdd637c,9307455127860,100.0,fuzzy_name_only
c534d0cc61391ba7c7a19eadc105ba1b,9316209754420,100.0,fuzzy_name_only
ce53530e57a760f638217af027b6896c,9302195044660,100.0,fuzzy_name_only
b7ddb8b18ad5d72ab908eedcca806af3,9327761064244,100.0,fuzzy_name_only
7859f1be11ee557ca618bea358b79cf1,9282595520820,100.0,fuzzy_name_only
d8b3b9604a1786b23fbe2c0c55176a75,9316205756724,100.0,fuzzy_name_only
1d474e6a0fdf88a06e442a38c5638ad1,9316209721652,100.0,fuzzy_name_only
19627b30ca78ed2e056489c4f2fca4c6,9316209754420,100.0,fuzzy_name_only
78d2898bc3ececec962ef966f3e64ffc,9327761654068,100.0,fuzzy_name_only
fac354532fd3176ce60959e8e86a6398,9146997539124,100.0,fuzzy_name_only
695184c30bc9db88e31500920398b5f3,9302198321460,91.89189189189189,fuzzy_name_only
a56cb31537b095fb688bce354f0a815d,9155047588148,100.0,fuzzy_name_only
89f6e3ea7e2a28620d64ba25a6f5c118,9248294469940,94.33962264150944,fuzzy_name_only
c83ec01dc8a0435963c3be65738497ba,9248306266420,100.0,fuzzy_name_only
204fd1c78bcea623ff8b7c936ec55a9c,9327764177204,100.0,fuzzy_name_only
04a15ff049afb147f229dc6912d16923,9135978873140,100.0,fuzzy_name_only
d41a0d2cdfcab7dd87460da91c45a677,9308662726964,100.0,fuzzy_name_only
c0b3dcf01be3e05e44eb92a5ccabb928,9146982269236,100.0,fuzzy_name_only
9873dd68a73a34be46cc007d9fcb0b39,9316209754420,100.0,fuzzy_name_only
9b110cb26f11f47ce28c9e251891b442,9316209852724,100.0,fuzzy_name_only
a1034bd7d3f41c60fd9ff43f1b3a2fb9,6635324114764,100.0,fuzzy_name_only
cf08bd2d599c9332a4047f978a4c5c92,6636632868684,100.0,fuzzy_name_only
e66298cfa164927b24be1e29e53e7544,9146983055668,100.0,fuzzy_name_only
c48da14f540aafce31cf03b1f31f73f4,9298539708724,100.0,fuzzy_name_only
f6fb1e2504d4301eb35978f3480013f4,9260183224628,100.0,fuzzy_name_only
cf2574ca0f424db4689c8d107ea77b24,9316206772532,100.0,fuzzy_name_only
ab4a5947f073b07804a63d60bd25ec4a,9274202358068,91.17647058823529,fuzzy_name_only
7dc86232b3e0e446c554a8153b380e81,6635324114764,100.0,fuzzy_name_only
a3707b436f120d41991f98660844020b,9088834699572,100.0,fuzzy_name_only
42de0f0c921d6bc745042818533e03e1,9248294633780,100.0,fuzzy_name_only
3853f35f0a708ddd7e0754d98c169b25,9289800646964,92.5925925925926,fuzzy_name_only
f890d8c74cf224a5243df8b20e437557,6635324114764,100.0,fuzzy_name_only
32abff96a4b24b1861a59d205fdb26d2,9248306463028,100.0,fuzzy_name_only
7402974ac2f49d87ca2ba5e6bcec86e8,9302202057012,100.0,fuzzy_name_only
cc417176dd7318715efeefc740634c02,9316211654964,90.3225806451613,fuzzy_name_only
4d0f4cc24be2d88ae427bb90f6cab203,9289809887540,100.0,fuzzy_name_only
5460c8cd067faef8d4a3260b058cd64d,9282595520820,100.0,fuzzy_name_only
679987e2b6b9007663de7442390794b7,9172021805364,100.0,fuzzy_name_only
998458d3030c5af9f2a431d59253d46b,5795458189132,100.0,fuzzy_name_only
bffe095afb9d9d245f88ff7a4580517b,6635324114764,100.0,fuzzy_name_only
350210ffc0a62f8396bbb6c6aed84162,9248304333108,100.0,fuzzy_name_only
94b29d8646a8a5c1b27b4c8799eed29f,9229052281140,100.0,fuzzy_name_only
4cb3cbcd70ff1282fba9c2b3db2db0cb,9107403964724,100.0,fuzzy_name_only
6a64054fb90e15df0474bf6e02611310,9261768474932,100.0,fuzzy_name_only
b3d7805ea4916b165036dc77b13d6984,9327764209972,100.0,fuzzy_name_only
0495ecb53731f611147d55254ffb3493,9181685809460,100.0,fuzzy_name_only
960a897fff9ffeca659460fcf87d8b27,6636635457356,100.0,fuzzy_name_only
8f6574d665860d4b3e62b777c14cd420,9238765830452,100.0,fuzzy_name_only
4739ad9a88b82aaf5f99d95aa6ab7879,6636632868684,100.0,fuzzy_name_only
5bd7cb660df52ced8d8f1f2b165986a7,5795458189132,100.0,fuzzy_name_only
61427ec10a87bc44a750596921da6c1f,9322918379828,100.0,fuzzy_name_only
7fab6990bd4d27310a4cc8340838a888,9327761817908,100.0,fuzzy_name_only
59480dd3e4b048ee2c87c9c48032d0a8,9155056337204,100.0,fuzzy_name_only
32f6baf3b0a45c832628ea612c6ba249,6635324114764,100.0,fuzzy_name_only
b0521ce32e286bd7efaea1c9626c1d3c,9316209721652,100.0,fuzzy_name_only
24ba302d6d24aa719efd33b3eb383732,9135968649524,100.0,fuzzy_name_only
da3494998b41a2c66d1854f3ffe1a64e,6637193234252,100.0,fuzzy_name_only
5d1477e7b460ab976a240130e2158096,9320552890676,100.0,fuzzy_name_only
908317ac33ac56e4384fc08529e2b95c,9282595488052,100.0,fuzzy_name_only
92f7eb9851290e6f3c544f9ddaad6224,9316209754420,100.0,fuzzy_name_only
afc57525cb37e6d3f853b85cdc827315,9298542592308,94.91525423728814,fuzzy_name_only
1b64c259001fa98f8d2f00fb8bca8e06,9316209721652,100.0,fuzzy_name_only
82e6ff8564bdfa4a0daff77f406d0d0d,9260182667572,91.42857142857143,fuzzy_name_only
28dcff249e51c737561acb99d483c65e,9282595160372,100.0,fuzzy_name_only
c71cf14dde06a67ad366e0fb028aa879,6634213934924,100.0,fuzzy_name_only
66baf8fb5c828a402a0ee0b22fb6e1c8,9286697648436,95.89041095890411,fuzzy_name_only
4f691fe43a6c801b906bdf93f2d36fc1,9298542625076,95.23809523809524,fuzzy_name_only
438baec063838909be8cd987314e7e2f,9327764570420,91.42857142857143,fuzzy_name_only
dc1d5ddc81d31b04936af05379f62de6,6636632344396,100.0,fuzzy_name_only
9be7a28efaa424fbba6476868127c7be,9331605438772,100.0,fuzzy_name_only
6aab4ebf21f755217d3ce0f087634cd2,9316209721652,100.0,fuzzy_name_only
e6670453cb951561c982c384b5310269,9289799860532,91.2280701754386,fuzzy_name_only
ed7e3c47daad3830d7f5609886865147,9316209819956,100.0,fuzzy_name_only
b50ac846f535b9f1133faaf4a2e0682c,9224640004404,100.0,fuzzy_name_only
f05cdd6b818c37bf336a133013f5c96b,9282595520820,100.0,fuzzy_name_only
90f8fe11c56cddc465d40db1d253d715,9238767960372,100.0,fuzzy_name_only
2f063b8fc4bb130d6103af7f0e1296ab,6638372554572,91.52542372881356,fuzzy_name_only
32daabb39d673fc91ae6eee887629e94,9302198452532,100.0,fuzzy_name_only
7f95ff9966e3719dcec2293928597019,8853093286196,93.02325581395348,fuzzy_name_only
517e97e2ee839e45a044ac384edc3b0e,9316204577076,100.0,fuzzy_name_only
41e6dd113d65894a17bfa0fce4b79c58,9316204151092,100.0,fuzzy_name_only
446833e8dcec5698fc4097180b1bfb93,9135968649524,100.0,fuzzy_name_only
0833af70c29889d4fae8dec30ab2c160,9327761064244,100.0,fuzzy_name_only
8d90ffa6bae9d3473c5dbe8fd2b39af1,9302194454836,100.0,fuzzy_name_only
826f2264b555ebc0a81e788dff974d6d,9316207624500,91.52542372881356,fuzzy_name_only
d451a6d4d9d7cac1a88f590066817b79,9327761817908,100.0,fuzzy_name_only
d9e46f6f7887380c0044769135c133be,6638313867084,100.0,fuzzy_name_only
afe8086c7937ab8dd273d527b340ca4a,9135968649524,100.0,fuzzy_name_only
5f0075d3264be5dc18872029c66e5651,9238766027060,100.0,fuzzy_name_only
4936d2f56638ed9f81d361be4821f743,9260175950132,100.0,fuzzy_name_only
1717a54d57273795dae6e07883da344c,9316209721652,100.0,fuzzy_name_only
703ee99e6305aa9bc590ee9a0b621865,9316209721652,100.0,fuzzy_name_only
706dcec6156f99e354bf8492c098853c,9172012859700,100.0,fuzzy_name_only
a75c38b63b2097eca8948d7547ec0515,9241205571892,100.0,fuzzy_name_only
3b16cbb274ca0979bc157bc86542b75c,5796149725004,100.0,fuzzy_name_only
55223264d3b1366c283638a56cc7a2d5,9289809789236,100.0,fuzzy_name_only
7dce93a3f30bf208bfd699684b692678,9316205756724,100.0,fuzzy_name_only
e4212b1d70729bc13afa2d65861cabb1,9248308691252,100.0,fuzzy_name_only
ed23df1add58091342c58c2d716a701c,9260179489076,100.0,fuzzy_name_only
a7ca40d4eb998e1ecae5fe19ab71bc83,6638367049548,100.0,fuzzy_name_only
df95acd5097ba27a1a9e4a50746c8161,9282604958004,100.0,fuzzy_name_only
6c29b894540a11cba3df29de0e74dc1f,6635324114764,100.0,fuzzy_name_only
5cd7cd8761af988e5491d9ad7eb27110,6638357645132,100.0,fuzzy_name_only
454b79ed330fb707a18b61f32e9a892f,9330060427572,100.0,fuzzy_name_only
db93c0d207e7213133adc4e2e44259fc,9135966519604,100.0,fuzzy_name_only
337853ae9ffe7034cf5ef4bdeede63f1,9229416268084,100.0,fuzzy_name_only
e389c271aa888c2d60906cbed1797a60,9316209754420,100.0,fuzzy_name_only
878abf3c2983a54adb9b5ac3d93fe571,6638273136460,100.0,fuzzy_name_only
9a25cdcd5a63a8862a9fe650456b73c1,6638274250572,90.9090909090909,fuzzy_name_only
48a39fcb1b014c5f2bd9230595b74d7b,6636636735308,100.0,fuzzy_name_only
0d0736d3b66cfe32535c6bff9bfee283,9316204642612,100.0,fuzzy_name_only
2727808ce0b7bdaf1f3f62a31fb4827f,9316204577076,100.0,fuzzy_name_only
5aa602d658de1bdabea871927c36758d,6635324114764,100.0,fuzzy_name_only
0fd564f115790bfebd61693548e5ce61,9289800646964,91.66666666666667,fuzzy_name_only
6d4d3c42038b8a6284f7385eb83e9d2d,9088823492916,91.66666666666667,fuzzy_name_only
e8268acad95f7b5eaa100ce6c129c23b,9088814186804,92.10526315789474,fuzzy_name_only
e4ec34e7783c5f83a1d5f7715889b9c2,8853133623604,100.0,fuzzy_name_only
e816472ae77ac3fc20cf340678361025,9282605449524,100.0,fuzzy_name_only
04ef5cb6801204109044ff2331a03c69,9241203278132,100.0,fuzzy_name_only
b72c000eaf498ae1d62e2407c7e8962f,9302198878516,100.0,fuzzy_name_only
1e78eaa043757669d9ddfc2e023c1f78,9316197400884,100.0,fuzzy_name_only
b274e7752cac8a77aab3eac7f61a017e,9238758424884,100.0,fuzzy_name_only
641a54439592715be21e2726744fc4fe,9229417185588,100.0,fuzzy_name_only
09f9335f39b2294f2995b3c57110c430,9282602402100,100.0,fuzzy_name_only
42ebe9048a5dc5f6ade2fba98330b144,6638354106188,100.0,fuzzy_name_only
1a37c2378e066f2eaa49b73ec130bca2,9210539442484,95.1219512195122,fuzzy_name_only
a01cab72f8306a0570ec35f2bd27a9f6,9172027408692,91.42857142857143,fuzzy_name_only
8ac9a50395e2f6467020c48e9aaac25b,9316209754420,100.0,fuzzy_name_only
ae276a1168b5e71cd548afce120f5bdf,9282595488052,100.0,fuzzy_name_only
a763b2a687e0eb3cb21aaef1dd416d51,9282594439476,100.0,fuzzy_name_only
53ab676dbecfa4624b03e35a9af38ba0,9229420003636,100.0,fuzzy_name_only
01bf24941c6c9db075e256a38d9d6d33,9316209754420,100.0,fuzzy_name_only
6caf692bc56dd461e14e0c8dca17cb95,9316209721652,100.0,fuzzy_name_only
96289b68f922efdb24b04477ec50c230,9248306299188,100.0,fuzzy_name_only
5349ed7a5210a40a52f5141840714f89,9135968649524,100.0,fuzzy_name_only
2dde87503f10aa2787d9f3577e67a9e8,9199548432692,100.0,fuzzy_name_only
cde5b2b070d61c532a04e2debf35adba,9224639578420,100.0,fuzzy_name_only
5836842a0b669fd8876366dc2b2e3640,9289807003956,100.0,fuzzy_name_only
7fc11d3adac3ea1d3bf3bb71de2fc232,9316209754420,100.0,fuzzy_name_only
f6cce1046d8645939c3ab518e551c7ec,9229420003636,100.0,fuzzy_name_only
c486937e9f08c39eea59bfe475ebdb1b,9302199992628,100.0,fuzzy_name_only
f03cfef59f2c8d73f9939ff70a60dee0,9199538340148,100.0,fuzzy_name_only
8811339d750eaf3abeedc77c24f4c8a0,6636310890316,100.0,fuzzy_name_only
1929a044e2e38aae3d812f2f64443c83,8874616029492,100.0,fuzzy_name_only
ef81cbfa4732c124857ebaa9aac9aefd,9302188130612,100.0,fuzzy_name_only
64d92b05ed06b199b60a6d9c09f73686,8853135032628,100.0,fuzzy_name_only
62de445a8888fe735c9382f6eaf53969,6637193299788,100.0,fuzzy_name_only
c67f8bf9d839cbe656cd8b933fd9c975,9302191833396,100.0,fuzzy_name_only
d38c0722aebe2f8b20b005b6946d3ffc,9155047391540,100.0,fuzzy_name_only
47cc99826f19cf515b1257fb341bb9e7,9210554253620,100.0,fuzzy_name_only
c46c424b243a149e446b354f2ff69b21,9282601681204,100.0,fuzzy_name_only
a3cc6836f9528d0c63e0d18b810f63b1,9327761654068,100.0,fuzzy_name_only
1e564d54f5e15fa9d9e55dc1e7ff1b8f,9316196647220,100.0,fuzzy_name_only
c28f85c980d9f7bf304ed95cc214ca64,6635324114764,100.0,fuzzy_name_only
435f9574761c8f417cffdf2a12e866c6,9327761391924,100.0,fuzzy_name_only
d098ddfdbd3cf3526c178897ff73598a,6635212932940,100.0,fuzzy_name_only
a8fd599377b8eb5c42fd5f87fcb4cd5e,9224634466612,100.0,fuzzy_name_only
b7424d6ffa800afbc75140f6c48b27fe,9274199015732,100.0,fuzzy_name_only
3f48fc1782dc9ad24765cc753af61258,9046576693556,100.0,fuzzy_name_only
ddda165077ddc0c35914a2e78bee3ed9,9260174213428,93.10344827586206,fuzzy_name_only
b37e37aed24c81302bcae159e050c555,9327761391924,100.0,fuzzy_name_only
33b07d9d7c776c3273bffd689c0145d2,9155047588148,100.0,fuzzy_name_only
53b591a21c2dcdda1ea8ffba2bdb3082,9282601615668,100.0,fuzzy_name_only
fa327b7c76317877a796e56d95b3e30c,9282595520820,100.0,fuzzy_name_only
2181e70dde4437bda3db93861348af9a,6636890097484,100.0,fuzzy_name_only
e11085969bb2ff7d3369ca55f8515869,9261765722420,100.0,fuzzy_name_only
ee37a08c7195555e056187e48c218696,9293621821748,100.0,fuzzy_name_only
876a4a31c2e192f5add6f7f4107b3d26,9282595520820,100.0,fuzzy_name_only
4d5fc64d61b858eea3c1241c07db8a8d,9229416562996,100.0,fuzzy_name_only
c2cc1f0d889f968fb3c209896dd1cb74,9316209754420,100.0,fuzzy_name_only
77add96c63753abc4d6122bce3efedbd,9172024492340,100.0,fuzzy_name_only
516f4621f5e6bf7cec9046bf32026d8e,9316209754420,100.0,fuzzy_name_only
a57412b29480aa40fb095bbc25bf6432,9316209721652,100.0,fuzzy_name_only
5fa36d78ffd9030a096a240a9507b80c,9274203078964,100.0,fuzzy_name_only
818787e2976d88c40000da6edd8a8340,9307455127860,100.0,fuzzy_name_only
358f1819ea24f99f3d44426ace1626e0,8945219993908,100.0,fuzzy_name_only
7ee3016b8782f4a80102884378d56c97,9327761424692,100.0,fuzzy_name_only
505a233002aecd6fc5e3cb836d800630,9327761490228,100.0,fuzzy_name_only
15b15fa188bba24a3bdeedd0b839302d,9316209721652,100.0,fuzzy_name_only
5b25923335d6586d3cf28e3f625aa900,9046589899060,100.0,fuzzy_name_only
74eb8faeaa54a59fc50883a3fc309cc8,9172014498100,100.0,fuzzy_name_only
5743ff4acc1ad163476f25549ee3eb9e,6637185468236,100.0,fuzzy_name_only
d3ce1a50221c708903b55db31fe54ea1,9248293159220,100.0,fuzzy_name_only
f7d4c651dc3ca33607ba5117e25e60f1,9107402981684,100.0,fuzzy_name_only
3d7f33b7cd854b2285081885eabdeaf7,6635324114764,100.0,fuzzy_name_only
7b1fe40530ae24caf6e8079077b4a4e8,9248306495796,100.0,fuzzy_name_only
1456eace7a3445fef40cfbc40b7c9bc0,9107413532980,90.19607843137254,fuzzy_name_only
1d4e1805883fbdd6113da66e59f57827,9327762014516,100.0,fuzzy_name_only
9b7ce79de8c5dae5d139dc1c187644f2,9282595488052,100.0,fuzzy_name_only
55e30a053b0381e84454641467675d28,9327764275508,100.0,fuzzy_name_only
4f0ec1a8fd302f478bbf635f0ea27129,9135968649524,100.0,fuzzy_name_only
7a3e227365170e96ce8417a499578045,9327763226932,100.0,fuzzy_name_only
6d362020323d80120dfa9d8e951bab8f,9199542239540,100.0,fuzzy_name_only
835f0c5bf94edbac46df65269528fa1b,9316209754420,100.0,fuzzy_name_only
75aab600fd4c586e54e14c3a2c16aacd,9327762080052,100.0,fuzzy_name_only
e3f3e4e3ae4c9244b06f5a5b87a0560f,9327762342196,100.0,fuzzy_name_only
0b54f3677ab25a7007ff11ba641e1323,9135968649524,100.0,fuzzy_name_only
af867c075c7a451111ddc690a8f458c8,9094963003700,91.52542372881356,fuzzy_name_only
c71e0eadf2a95749dc1ea46880dd43e6,9224634401076,92.06349206349206,fuzzy_name_only
2777c4b8b0d17d7337ca7aab7757295b,9046573121844,100.0,fuzzy_name_only
64a44b2d5a1d8e876c1f23fb6fc030fb,9302201073972,100.0,fuzzy_name_only
5397f03c7b12dc5a24fd3955b8e33e7c,9238765109556,100.0,fuzzy_name_only
211e45ea7d9b97d796f336779bd5c1ad,9135968649524,100.0,fuzzy_name_only
9c02bb85596e3b86cca68c5a2ebd0dc9,8853090435380,100.0,fuzzy_name_only
4955213867eb064f89556fb5b1cffdb8,9210554286388,100.0,fuzzy_name_only
6d2b48b0eb1ae04c5a0a56fc32e9b6de,9327764177204,100.0,fuzzy_name_only
e00d16e75e47878cd147b258b27ab471,9088824213812,100.0,fuzzy_name_only
4d504179c0267fac808cf2285ba47d59,9316210966836,100.0,fuzzy_name_only
f17baec01653a2f5f6d76753ebab29c5,9316197007668,100.0,fuzzy_name_only
561debd7b991a5dba25f619e47cead85,6635324114764,100.0,fuzzy_name_only
40ff53970f12a5d6e1823d1f2cc4a542,9146983055668,100.0,fuzzy_name_only
52f0047fa28c555fadd66f88a5e9559f,9302198386996,100.0,fuzzy_name_only
7006f4a99e027ff331444246430d3fa6,9316205756724,100.0,fuzzy_name_only
d4ea48094d05514ea630417a99197d92,9172027572532,100.0,fuzzy_name_only
9e4fc29368fcffb2ffc8a426d88ce4dd,9260183421236,100.0,fuzzy_name_only
97407f6b9e5ec77db79e1a5193878b40,9088826704180,100.0,fuzzy_name_only
a2bb4bcee1011e7d2ed05d0f1151ea92,9213052715316,100.0,fuzzy_name_only
5635e9e8c89f3f1cf359b86424971b73,9316209754420,100.0,fuzzy_name_only
154058e128c67ccd4bd189e19eb4e10c,6636632344396,100.0,fuzzy_name_only
86a27e38c438f6e190430a092b3f703e,9276004598068,100.0,fuzzy_name_only
e76f30f8b65d38c847e36598256f2e36,9282606399796,100.0,fuzzy_name_only
75689dac57afffceaa379375a7eab4c8,9316209721652,100.0,fuzzy_name_only
7bc18518fe14841549f4a124e02263aa,9155056533812,100.0,fuzzy_name_only
6b51bf412eadf4dfe406a08cf27d4434,6636636768076,100.0,fuzzy_name_only
8fd69190ae2d057bf98b4faa7beec11b,9282605449524,100.0,fuzzy_name_only
a37e67490cbc7a4bc1c1c8352ca6e73f,6636231624524,100.0,fuzzy_name_only
4dbf3bc84d3d28dd3b1cdab87bceac3e,9088834699572,100.0,fuzzy_name_only
77c12385f5caf67568bb5133e0af34dd,9327763718452,100.0,fuzzy_name_only
7bf822ad9bc34839b6e1e6875b50a55b,9327761064244,100.0,fuzzy_name_only
53626d7b2f98a53d9f7ba3990bebf2c5,9289808871732,100.0,fuzzy_name_only
9443da7a208e76b9ad06fd13ccb379d2,6635324114764,100.0,fuzzy_name_only
77a38f55cdf682fcb01410441ee205b1,9316209754420,100.0,fuzzy_name_only
30a6fda398d10f0a8ca6c12d773b66d9,9088814186804,95.89041095890411,fuzzy_name_only
e2fd2bf8799f0b949e4297aa39f0591a,9107405209908,100.0,fuzzy_name_only
80e3242ef08b3fef12ae250628a14a41,9316197990708,93.61702127659575,fuzzy_name_only
02582d52190e05bd92d06566d729edbc,9238768255284,100.0,fuzzy_name_only
7e6769586cde4b772878c6028ad493a9,9260190630196,100.0,fuzzy_name_only
809b090ff11d66d9c2e64226195c4b8d,9260183519540,100.0,fuzzy_name_only
14762088259dfefaee096ba33ece484e,9146983055668,100.0,fuzzy_name_only
8c984af10d0daaeff499c4f96869994c,9248303513908,90.56603773584905,fuzzy_name_only
92c15aaadf9a360a346a9ebc60ada9cd,9327763489076,100.0,fuzzy_name_only
14df3fde0bdb9e125e0dac20383f7da0,9199541322036,100.0,fuzzy_name_only
8bc2d173fae7fd4fe93609095b5e9e3e,9260183421236,100.0,fuzzy_name_only
62ad5d4cf778b3c63224fda8174df48f,9172024262964,100.0,fuzzy_name_only
3b36000dbc2073f588a380c3b15e1a74,9282595520820,100.0,fuzzy_name_only
03ec51181c06fb82a602dde7739da370,9274198753588,100.0,fuzzy_name_only
af952b629cd0b5d935f6819c5a745511,9274198720820,100.0,fuzzy_name_only
847332eb797799e4993771e211b4e3a4,6636632868684,100.0,fuzzy_name_only
3e4c480e7dbc142d458ed34a71d65461,9282596307252,100.0,fuzzy_name_only
4f2e9e9190911ab1ed2117416b1cf9c6,9181677715764,100.0,fuzzy_name_only
70dba4aaa808682324711963d4832085,9224643150132,90.19607843137254,fuzzy_name_only
3ab748608f38df24b48e0efdb714a0d9,9155047588148,100.0,fuzzy_name_only
87f2b797064af965acaec3c2ffc14400,9199540306228,92.5,fuzzy_name_only
2394228174a83732062070f5c1027b8a,6635324114764,100.0,fuzzy_name_only
582f85d12c15d2404759e5773199537b,9316209819956,100.0,fuzzy_name_only
a71afdd71adb11046151196ab8ab2e98,9155045261620,100.0,fuzzy_name_only
b1abb7944ff85cf7d0876dec424b8545,9316209754420,100.0,fuzzy_name_only
1d81f1e82d842af92b96de0449a5e118,9282600337716,100.0,fuzzy_name_only
318f9f4944fff4e01a027cfab21ec46e,9302194487604,100.0,fuzzy_name_only
b9107664eff36f9770506d0379cb269a,9327761064244,100.0,fuzzy_name_only
24257e1cbf14cf61f6fca5fcd2ffc355,9088834699572,100.0,fuzzy_name_only
02bf098c45b3e0e3122886b154b17b46,9238766944564,100.0,fuzzy_name_only
56f573c945e5fcce0680208ad2580898,9282600468788,100.0,fuzzy_name_only
0df8ef554327a00c05d4e50d3fc3370c,9289812508980,100.0,fuzzy_name_only
3e82ab82c1cd5bc80403799dfcd5c535,9260174213428,93.10344827586206,fuzzy_name_only
4f4eb6eb2a2345a4f7363c032e15ebfc,9282595520820,100.0,fuzzy_name_only
d40fcb9613d653c58498f0126da8a99f,8853138014516,100.0,fuzzy_name_only
ca790840144e772d9ed4067fbfa3c9de,9327763587380,100.0,fuzzy_name_only
e65f9074caaeb89c2bbe489edd4ced8a,9210539540788,100.0,fuzzy_name_only
455790904733caa1a96784934ba3c354,9274201833780,100.0,fuzzy_name_only
4a5ff91b78702f6ea51da183fc20370a,9282595520820,100.0,fuzzy_name_only
54ce8c6bc5fa88389edf8397cd1665f3,6636632868684,100.0,fuzzy_name_only
2dadde07a038b013ee4728b9f74a4f5a,9316197105972,100.0,fuzzy_name_only
2cd9c169a2861e140af77ddb3784419e,9327763095860,100.0,fuzzy_name_only
56a1ddc6fb5757bda3b333dfc3ae14d3,9210538656052,100.0,fuzzy_name_only
cfbccad4885103274f0c56e02460cd2d,9316196647220,100.0,fuzzy_name_only
17437d4ce65b05ff6141d3b0642a102e,6636632868684,100.0,fuzzy_name_only
7083592c2c4c5b6a4c6cebb64bb9000e,9282602926388,90.0,fuzzy_name_only
d960030db89c931984bc136c9984a1ab,9282595520820,100.0,fuzzy_name_only
bd7c1338d5f31f29e6fcebf4b76331b0,9248294764852,100.0,fuzzy_name_only
d2f28b6ced07359d64f304fcb22c198b,9274191577396,100.0,fuzzy_name_only
1236d368b0f54e5c2f7f1d6ad74c3618,9135968649524,100.0,fuzzy_name_only
2cebeb6a07e88d0257c326cb219c1ae8,9238766027060,100.0,fuzzy_name_only
18931ee9fb37b782cb6f6b3e353de2d0,9248298664244,100.0,fuzzy_name_only
73c6e0e8f585d3b031e65b9d6706efc8,9288733655348,100.0,fuzzy_name_only
2323934c8bf7479566bae963cd4087a5,9274196656436,100.0,fuzzy_name_only
1342e48f58e130f055e6c0e9f4ffee93,9199540076852,100.0,fuzzy_name_only
c8458c22d91068e6252d53635f608a59,9260175687988,100.0,fuzzy_name_only
5cf72fe1a84dd83d306f48a417e58ace,9289808052532,100.0,fuzzy_name_only
52c30a319371a474c9a75a406262e3e6,9316211654964,90.3225806451613,fuzzy_name_only
ff521597c579a624d092f8de834fb936,9302199730484,100.0,fuzzy_name_only
8f260bbef90a099913ac45529adc724d,9283782377780,100.0,fuzzy_name_only
c38058dfa0f4981fbc784e8133be5627,9289808052532,100.0,fuzzy_name_only
d0116b06967a7d2089d9549806ce30a3,9316210901300,100.0,fuzzy_name_only
22a8f1b9544cf5e9e74d8049f45e6cd0,9289810444596,100.0,fuzzy_name_only
17c55f59578297d54fe26974ed9465a2,9327762014516,100.0,fuzzy_name_only
a3b54dfe3c175e3760c0926b3daceda6,9304680005940,100.0,fuzzy_name_only
87ac5acee14563803d15ccb0d323af06,8853132116276,100.0,fuzzy_name_only
600e01f6a6ec34e90416860e95fbde30,9327761064244,100.0,fuzzy_name_only
4e1ce6f8584e0feb53ede9eef58306a0,9316209754420,100.0,fuzzy_name_only
dd0f8feaa584305c68d2d3c77dd81213,9327764013364,100.0,fuzzy_name_only
258044cc2c50d91dc24369396a2f4cc2,9323196514612,100.0,fuzzy_name_only
a7a0b4430cd99066ed21e10bc772b064,9327764111668,100.0,fuzzy_name_only
72a03a450bbe36b077a3848672678f56,9248308658484,100.0,fuzzy_name_only
42d5d9cd3e8462ddc10b6461563ff974,9248307675444,92.6829268292683,fuzzy_name_only
180713ae9c6fdcfb4234f85859969a5d,9172027900212,91.52542372881356,fuzzy_name_only
9e3cb4a2049504cd89db317c57345087,9088828899636,100.0,fuzzy_name_only
6188a9d136aa092a71a6a26004b88b67,9155047391540,100.0,fuzzy_name_only
ee88978539ac54f644220091b83af403,6638368786252,100.0,fuzzy_name_only
2fa2e0d14c32d7f39e10bc0c69842b79,9199546270004,100.0,fuzzy_name_only
1d85b00aaf47d467b61bc2c906baf318,9238764192052,100.0,fuzzy_name_only
c24dd33f7c47b35286d79c6464c2e430,9199543058740,90.0,fuzzy_name_only
cb88a4e36e5b6d481366f9ff7a781f1c,9238767829300,100.0,fuzzy_name_only
69d4d85765b1fff6c25ea7562d9ba0f1,9199542960436,100.0,fuzzy_name_only
db3ef98809c070dd68578b7df85958f5,9172023443764,100.0,fuzzy_name_only
6fb12a3c6ac2911a0343fc532aa50417,9316206969140,90.56603773584905,fuzzy_name_only
1a36da005c6375b233f6c184e5cca12c,9316207100212,91.2280701754386,fuzzy_name_only
d3a3bf834b7eaa3d27bd1dae82510122,9282602434868,100.0,fuzzy_name_only
e4e1795a8df8fdba6141811286fe04bd,9199548268852,100.0,fuzzy_name_only
fa7e62f1e4fade1c24671c611aa1d610,6638368786252,100.0,fuzzy_name_only
38835b1628c0fc293477046367d15799,9181683974452,100.0,fuzzy_name_only
fb457b5262ff92ab8611a3fec81d3f76,9316196745524,100.0,fuzzy_name_only
20fefb78e7d243001c6449e6f6751481,9316211491124,100.0,fuzzy_name_only
4282c151359b1d8693b20a770f176b73,9282602533172,100.0,fuzzy_name_only
b5325b7c720f0834b477908859a1f5bc,9260174672180,100.0,fuzzy_name_only
08a0b9c41a459902b9bd80024c73e46e,9088834044212,100.0,fuzzy_name_only
f614816fc44751648ff4c70704a9e294,9248299450676,92.85714285714286,fuzzy_name_only
93c7dbb15b1304327e193b9e2755166d,9316210409780,100.0,fuzzy_name_only
c3efd79cdc5094945738148f4932068d,9282595488052,100.0,fuzzy_name_only
975cbf41db1ba2b44fac99c2f92635ac,9155047588148,100.0,fuzzy_name_only
5257b5d22c927bfa2dfaebdb0808960f,9199545680180,100.0,fuzzy_name_only
1bc317c0fd4c1f3b8247bbe924eba8cb,9327763128628,100.0,fuzzy_name_only
2d8abe67838bd5b741dfb202c27e6fd4,9181679878452,100.0,fuzzy_name_only
97ce3a750beb04d4e3eb38ffc782c249,9274193969460,100.0,fuzzy_name_only
9e32c322cf893ece08bc35e4d2b3032d,9260185649460,100.0,fuzzy_name_only
639245c3d2af016529eb8ec1fca64d4b,9282595488052,100.0,fuzzy_name_only
72a8d7c891da5888593817f1f4f93b0e,9316205756724,100.0,fuzzy_name_only
916c87cdb8d3ad8b15d117d48d4fd4ca,6638334183244,100.0,fuzzy_name_only
212748cd64184068d8787e5fa2cd1e70,9274202652980,100.0,fuzzy_name_only
1ba96dbd4b9fc3ebb65d6c63297d622c,8870201524532,100.0,fuzzy_name_only
717f999dde93b9ddbddb3f2f8abfbee2,9181682073908,100.0,fuzzy_name_only
0c0b290f4632eff5206c049e289a1e6a,9316211818804,100.0,fuzzy_name_only
ab55ed4448499e44cea5851c5f3066f7,6636632868684,100.0,fuzzy_name_only
4f409e96ac254b971b40b597a4a3981f,9289805758772,91.42857142857143,fuzzy_name_only
ecc240a9ad5acf935ec31136ce42f882,9316209754420,100.0,fuzzy_name_only
52b006d8bb723f4224f5d5dc7ee96e33,9316209721652,100.0,fuzzy_name_only
0c63c6b4e209f4af42ea5c306923dd3f,6635324114764,100.0,fuzzy_name_only
f0349b761541e40383e045fbcde3deac,9088834699572,100.0,fuzzy_name_only
569bc081edf4f7d02d3651e21a3018b3,9282595520820,100.0,fuzzy_name_only
36d23bbac1c7b831246c1a61dc7bb66d,9316209721652,100.0,fuzzy_name_only
4864c5b92bd74ca76fc2b77ce4729266,9260183519540,100.0,fuzzy_name_only
09d4ef70b212b4982a77954c01dadbc9,9282595520820,100.0,fuzzy_name_only
ddc50d0d33d67eea471d08b9105fdb94,9210557923636,90.19607843137254,fuzzy_name_only
3ec2a0742e2115186be5c5006e610dc3,6635324114764,100.0,fuzzy_name_only
8302b060f02f3bdda9000485c27248bb,9248308724020,90.3225806451613,fuzzy_name_only
6344445b5c5f0dd97d6e20f607546e7c,9316210409780,100.0,fuzzy_name_only
6f2f882a01f9634329bbcc1250cf517b,9155047588148,100.0,fuzzy_name_only
ec4ab5244e2ed711174898b74e27a79f,9248296370484,90.0,fuzzy_name_only
62408c4a0d14912d6d2002bdfce5f36d,9316209721652,100.0,fuzzy_name_only
54bdbe2dd91ce9aca4ec04320743dc7a,9172028490036,90.9090909090909,fuzzy_name_only
66c18db4039c69c2e0fd8d4650ac0628,9316209721652,100.0,fuzzy_name_only
0bfe9d984d27f46bf6f948c91c331012,9282607120692,100.0,fuzzy_name_only
c4ff7354feafe8c6f7d9b713729fd290,9316209721652,100.0,fuzzy_name_only
a9800e7a125278f95802414614683ab5,9248294797620,100.0,fuzzy_name_only
f1c46841d145bd19a1e3834cf242ea75,9327763718452,100.0,fuzzy_name_only
11e7ee40315df638541ed926cd6a1b02,9327763685684,100.0,fuzzy_name_only
e2c0c5d3201bef048ef50e3278d19972,9210553532724,100.0,fuzzy_name_only
658e2537f6a04b005276dc7e50abe0b7,9210546454836,100.0,fuzzy_name_only
b6834346954cb1b7f02a620b28f8dc1d,6638373406540,92.06349206349206,fuzzy_name_only
b550fc63f348d585fa35d669cf5fe6b4,9238768189748,100.0,fuzzy_name_only
4bbfc0d4a05be3364ffc3c45f04b5676,9238768124212,100.0,fuzzy_name_only
0ff5d012dfca6cb605c6325d5522e0c5,6638313867084,100.0,fuzzy_name_only
0322c50dbe895f40c0f4e54cf1255f74,9327762506036,100.0,fuzzy_name_only
ae97e5ad14677c8b61397a854931b716,6638382778188,100.0,fuzzy_name_only
c91720b9962b15bc6474d67d17d22379,9302198386996,100.0,fuzzy_name_only
fb0438fa86bfeb6fff8b4feb1df85208,8945225367860,100.0,fuzzy_name_only
a9a0895930fd299c20fbef9a65a227ec,9229413941556,100.0,fuzzy_name_only
676a6681194b52a9ad281f381bc84147,6638330578764,100.0,fuzzy_name_only
7a729d4b3b6fe517e7b433ad244f08fe,9302198386996,100.0,fuzzy_name_only
97d4e85c3cdc273ef68ed333a968b154,9302195536180,100.0,fuzzy_name_only
77072b9c204fd147f09ced84080bf8f4,9316206641460,100.0,fuzzy_name_only
475e5f77e97b9b4ce9321df128980055,6636632868684,100.0,fuzzy_name_only
c80917a5c8de8bbb42ec4e21d00d15e8,6635324114764,100.0,fuzzy_name_only
7e0ccd4182731c957e8573b2ad677219,6638285981516,100.0,fuzzy_name_only
f4632a6e471fab693ea24b1259646f45,9172018430260,100.0,fuzzy_name_only
82cc421fd794be6307889fc2ee758335,9302193504564,91.80327868852459,fuzzy_name_only
75884c4ceeaf1c1b94db3b91d5bb1c91,9316195172660,100.0,fuzzy_name_only
05a8712d672cfe8a9c76e85616ab2a59,9316210606388,92.7536231884058,fuzzy_name_only
b1d80834fe68d3f75f97347795815e3c,9260177686836,100.0,fuzzy_name_only
4b9abbb985460384e1cdf62e29842380,9316196122932,100.0,fuzzy_name_only
2937d6807f60c58610ca0d41ff31e803,9088834699572,100.0,fuzzy_name_only
af653f434f9c802006236ed96674ba17,6638313867084,100.0,fuzzy_name_only
784e950b66a05babb103f9a9e46d888b,9282606170420,100.0,fuzzy_name_only
ee4a1258145bf5205470df6992260464,9274192920884,92.06349206349206,fuzzy_name_only
957a3ed803053d0aed410eab22044180,9316210245940,100.0,fuzzy_name_only
29ef05f7d7a1367e172fd030e4dd3cd3,6637193299788,100.0,fuzzy_name_only
f07e2805f0a1028243aafe142b08686b,9260182569268,100.0,fuzzy_name_only
97085ca1462e1941871b2aec8d0dd52c,9261768474932,100.0,fuzzy_name_only
31297e679884fd246410e511b6081175,6638285981516,100.0,fuzzy_name_only
e54a7f2be58e58d64ea9178b46f3406b,9238758392116,93.33333333333333,fuzzy_name_only
999835d7ad14155ae5c42f07b964c6d7,9316209754420,100.0,fuzzy_name_only
3df6d75461ed58611015e9608cdf6717,9316210508084,100.0,fuzzy_name_only
0c038fcb5811d93f3fdf32b098b3aa3e,8853096857908,90.56603773584905,fuzzy_name_only
b0434815a7edf3506598e21e8d414a82,9316209721652,100.0,fuzzy_name_only
a893fbe5a59db1ea2c3e076cacd3724c,6636289230668,100.0,fuzzy_name_only
40666825331ffb096a34a1f8dbc9c031,9248305381684,100.0,fuzzy_name_only
8af09e36a3e4bb99c6b822eb30e1bd55,9224643838260,100.0,fuzzy_name_only
0d48c351e98ec967d7786afc7ab8b35a,9248306331956,100.0,fuzzy_name_only
e3cd488dfe9a15cd73dc5749c28ba01b,9327761228084,100.0,fuzzy_name_only
682230f4d6bad22f87364add2a1f3878,9260190695732,100.0,fuzzy_name_only
9e5de062c1d7c4c1806d7e4c86e076de,9302200877364,90.9090909090909,fuzzy_name_only
03bb4375a5ab14ba766d570c8b94815a,9316209754420,100.0,fuzzy_name_only
d0a1ad07dac17144c5090b38510cb915,6635324114764,100.0,fuzzy_name_only
